iso3,name,year,access,population
ABW,Aruba,2000,91.7,90588
ABW,Aruba,2001,100.0,91439
ABW,Aruba,2002,100.0,92074
ABW,Aruba,2003,100.0,93128
ABW,Aruba,2004,100.0,95138
ABW,Aruba,2005,100.0,97635
ABW,Aruba,2006,100.0,99405
ABW,Aruba,2007,100.0,100150
ABW,Aruba,2008,100.0,100917
ABW,Aruba,2009,100.0,101604
ABW,Aruba,2010,93.4,101838
ABW,Aruba,2011,100.0,102591
ABW,Aruba,2012,100.0,104110
ABW,Aruba,2013,100.0,105675
ABW,Aruba,2014,100.0,106807
ABW,Aruba,2015,100.0,107906
ABW,Aruba,2016,100.0,108727
ABW,Aruba,2017,100.0,108735
ABW,Aruba,2018,100.0,108908
ABW,Aruba,2019,100.0,109203
ABW,Aruba,2020,100.0,108587
ABW,Aruba,2021,100.0,107700
ABW,Aruba,2022,99.9,107310
ABW,Aruba,2023,100.0,107359
ABW,Aruba,2024,100.0,107995
AFE,Africa Eastern and Southern,2000,19.9172563342889,406156661
AFE,Africa Eastern and Southern,2001,19.9442774203583,416807868
AFE,Africa Eastern and Southern,2002,21.5486466155625,427820358
AFE,Africa Eastern and Southern,2003,22.4932167182052,439173286
AFE,Africa Eastern and Southern,2004,23.724454932615,450928044
AFE,Africa Eastern and Southern,2005,23.449539355606,463076637
AFE,Africa Eastern and Southern,2006,25.1724823105969,475606210
AFE,Africa Eastern and Southern,2007,26.7951445862147,488580707
AFE,Africa Eastern and Southern,2008,25.9088451344457,502070763
AFE,Africa Eastern and Southern,2009,26.1878464781111,516003448
AFE,Africa Eastern and Southern,2010,27.414953756332,530308387
AFE,Africa Eastern and Southern,2011,28.909756234127,544737983
AFE,Africa Eastern and Southern,2012,31.6734274619175,559609961
AFE,Africa Eastern and Southern,2013,31.7235735731483,575202699
AFE,Africa Eastern and Southern,2014,31.8719561283579,590968990
AFE,Africa Eastern and Southern,2015,33.9222756622758,607123269
AFE,Africa Eastern and Southern,2016,38.8595976583714,623369401
AFE,Africa Eastern and Southern,2017,40.2237441730368,640058741
AFE,Africa Eastern and Southern,2018,43.0350733507835,657801085
AFE,Africa Eastern and Southern,2019,44.3908605333639,675950189
AFE,Africa Eastern and Southern,2020,46.2823709455637,694446100
AFE,Africa Eastern and Southern,2021,48.1272110400485,713090928
AFE,Africa Eastern and Southern,2022,48.7420429375177,731821393
AFE,Africa Eastern and Southern,2023,50.6675157944854,750491370
AFE,Africa Eastern and Southern,2024,52.5981705163589,769280888
AFG,Afghanistan,2000,4.4,20130327
AFG,Afghanistan,2001,9.3,20284307
AFG,Afghanistan,2002,14.1,21378117
AFG,Afghanistan,2003,19.0,22733049
AFG,Afghanistan,2004,23.8,23560654
AFG,Afghanistan,2005,28.7,24404567
AFG,Afghanistan,2006,33.5,25424094
AFG,Afghanistan,2007,38.4,25909852
AFG,Afghanistan,2008,42.4,26482622
AFG,Afghanistan,2009,48.3,27466101
AFG,Afghanistan,2010,42.7,28284089
AFG,Afghanistan,2011,43.2,29347708
AFG,Afghanistan,2012,69.1,30560034
AFG,Afghanistan,2013,68.0,31622704
AFG,Afghanistan,2014,89.5,32792523
AFG,Afghanistan,2015,71.5,33831764
AFG,Afghanistan,2016,97.7,34700612
AFG,Afghanistan,2017,97.7,35688935
AFG,Afghanistan,2018,93.4,36743039
AFG,Afghanistan,2019,97.7,37856121
AFG,Afghanistan,2020,97.7,39068979
AFG,Afghanistan,2021,97.7,40000412
AFG,Afghanistan,2022,85.3,40578842
AFG,Afghanistan,2023,85.3,41454761
AFG,Afghanistan,2024,87.8,42647492
AFW,Africa Western and Central,2000,34.2688374610643,274612131
AFW,Africa Western and Central,2001,35.3443670614079,282407479
AFW,Africa Western and Central,2002,35.8286077252919,290455651
AFW,Africa Western and Central,2003,39.9830906630448,298744790
AFW,Africa Western and Central,2004,37.6119675415355,307309912
AFW,Africa Western and Central,2005,37.9445063873223,316156999
AFW,Africa Western and Central,2006,39.969425653794,325222154
AFW,Africa Western and Central,2007,40.8791483784919,334544275
AFW,Africa Western and Central,2008,41.8786697808203,344153435
AFW,Africa Western and Central,2009,42.0123595500348,353922925
AFW,Africa Western and Central,2010,41.9644553034197,363951468
AFW,Africa Western and Central,2011,46.0690344248595,374374251
AFW,Africa Western and Central,2012,44.1924075401795,384913331
AFW,Africa Western and Central,2013,47.2021234922582,395543613
AFW,Africa Western and Central,2014,47.7700807261544,406457241
AFW,Africa Western and Central,2015,46.865482628436,417536152
AFW,Africa Western and Central,2016,51.0516355535304,428797338
AFW,Africa Western and Central,2017,48.902227563243,440150152
AFW,Africa Western and Central,2018,51.3381985112771,451395343
AFW,Africa Western and Central,2019,51.2893740480215,462522286
AFW,Africa Western and Central,2020,51.8518662109613,473687685
AFW,Africa Western and Central,2021,54.3660120999023,484978794
AFW,Africa Western and Central,2022,55.5855936928306,496366058
AFW,Africa Western and Central,2023,57.0647374680747,508318102
AFW,Africa Western and Central,2024,58.8221662248088,520655398
AGO,Angola,2000,24.2,16194869
AGO,Angola,2001,20.0,16747208
AGO,Angola,2002,26.3,17327699
AGO,Angola,2003,27.4,17943712
AGO,Angola,2004,28.4,18600423
AGO,Angola,2005,29.4,19291161
AGO,Angola,2006,30.5,20015279
AGO,Angola,2007,37.5,20778561
AGO,Angola,2008,38.5,21578655
AGO,Angola,2009,33.8,22414773
AGO,Angola,2010,35.0,23294825
AGO,Angola,2011,34.6,24218352
AGO,Angola,2012,37.3,25177394
AGO,Angola,2013,38.4,26165620
AGO,Angola,2014,32.0,27160769
AGO,Angola,2015,42.0,28157798
AGO,Angola,2016,41.8,29183070
AGO,Angola,2017,42.9,30234839
AGO,Angola,2018,45.3,31297155
AGO,Angola,2019,45.6,32375632
AGO,Angola,2020,47.0,33451132
AGO,Angola,2021,48.2,34532429
AGO,Angola,2022,48.5,35635029
AGO,Angola,2023,51.1,36749906
AGO,Angola,2024,55.5,37885849
ALB,Albania,2000,99.4,3089027
ALB,Albania,2001,99.4,3060173
ALB,Albania,2002,99.4,3051010
ALB,Albania,2003,99.4,3039616
ALB,Albania,2004,99.4,3026939
ALB,Albania,2005,99.4,3011487
ALB,Albania,2006,99.4,2992547
ALB,Albania,2007,99.4,2970017
ALB,Albania,2008,100.0,2947314
ALB,Albania,2009,99.6,2927519
ALB,Albania,2010,99.6,2913021
ALB,Albania,2011,99.7,2905195
ALB,Albania,2012,99.9,2860708
ALB,Albania,2013,99.9,2816902
ALB,Albania,2014,100.0,2773767
ALB,Albania,2015,100.0,2731293
ALB,Albania,2016,99.9,2689469
ALB,Albania,2017,99.9,2648285
ALB,Albania,2018,100.0,2607733
ALB,Albania,2019,100.0,2567801
ALB,Albania,2020,100.0,2528480
ALB,Albania,2021,100.0,2489762
ALB,Albania,2022,100.0,2451636
ALB,Albania,2023,100.0,2411658
ALB,Albania,2024,100.0,2377128
AND,Andorra,2000,100.0,65685
AND,Andorra,2001,100.0,65852
AND,Andorra,2002,100.0,66506
AND,Andorra,2003,100.0,69486
AND,Andorra,2004,100.0,74325
AND,Andorra,2005,100.0,77421
AND,Andorra,2006,100.0,79585
AND,Andorra,2007,100.0,81877
AND,Andorra,2008,100.0,83495
AND,Andorra,2009,100.0,83888
AND,Andorra,2010,100.0,80706
AND,Andorra,2011,100.0,77783
AND,Andorra,2012,100.0,76834
AND,Andorra,2013,100.0,75194
AND,Andorra,2014,100.0,73737
AND,Andorra,2015,100.0,72174
AND,Andorra,2016,100.0,72181
AND,Andorra,2017,100.0,73763
AND,Andorra,2018,100.0,75162
AND,Andorra,2019,100.0,76474
AND,Andorra,2020,100.0,77380
AND,Andorra,2021,100.0,78364
AND,Andorra,2022,100.0,79705
AND,Andorra,2023,100.0,80856
AND,Andorra,2024,100.0,81938
ARB,Arab World,2000,80.4586672566828,286548096
ARB,Arab World,2001,81.3547942659304,293580252
ARB,Arab World,2002,81.323622346782,300691509
ARB,Arab World,2003,82.3422219013586,307815105
ARB,Arab World,2004,82.2795249538868,315060277
ARB,Arab World,2005,83.07676744851,322628451
ARB,Arab World,2006,85.2843937164942,330526310
ARB,Arab World,2007,83.6267638046023,338947976
ARB,Arab World,2008,83.2755641606337,347684619
ARB,Arab World,2009,84.1597287073639,356386673
ARB,Arab World,2010,86.921502593511,363568534
ARB,Arab World,2011,87.1726942320297,372054934
ARB,Arab World,2012,86.8478669651407,381030177
ARB,Arab World,2013,88.9616299190749,390954281
ARB,Arab World,2014,88.4067767085653,400231008
ARB,Arab World,2015,88.6616431398725,410190679
ARB,Arab World,2016,89.1861710572825,419808341
ARB,Arab World,2017,90.3510669396465,428315886
ARB,Arab World,2018,88.6898406472267,435998060
ARB,Arab World,2019,89.9289963083413,444281315
ARB,Arab World,2020,90.2417769685806,453723239
ARB,Arab World,2021,90.4340947732985,460646603
ARB,Arab World,2022,90.6545179070033,471352066
ARB,Arab World,2023,91.6454299444509,482105978
ARB,Arab World,2024,92.1659179921314,492612632
ARE,United Arab Emirates,2000,100.0,3493575
ARE,United Arab Emirates,2001,100.0,3723590
ARE,United Arab Emirates,2002,100.0,3956826
ARE,United Arab Emirates,2003,100.0,4192457
ARE,United Arab Emirates,2004,100.0,4428967
ARE,United Arab Emirates,2005,100.0,4664790
ARE,United Arab Emirates,2006,100.0,5009100
ARE,United Arab Emirates,2007,100.0,5624635
ARE,United Arab Emirates,2008,100.0,6302664
ARE,United Arab Emirates,2009,100.0,6707058
ARE,United Arab Emirates,2010,100.0,6869838
ARE,United Arab Emirates,2011,100.0,7104538
ARE,United Arab Emirates,2012,100.0,7391448
ARE,United Arab Emirates,2013,100.0,7693031
ARE,United Arab Emirates,2014,100.0,8059440
ARE,United Arab Emirates,2015,100.0,8505237
ARE,United Arab Emirates,2016,100.0,8935095
ARE,United Arab Emirates,2017,100.0,9223225
ARE,United Arab Emirates,2018,100.0,9346701
ARE,United Arab Emirates,2019,100.0,9445785
ARE,United Arab Emirates,2020,100.0,9401038
ARE,United Arab Emirates,2021,100.0,9575152
ARE,United Arab Emirates,2022,100.0,10074977
ARE,United Arab Emirates,2023,100.0,10483751
ARE,United Arab Emirates,2024,100.0,10986400
ARG,Argentina,2000,95.7,37213984
ARG,Argentina,2001,95.5,37624825
ARG,Argentina,2002,96.1,38029349
ARG,Argentina,2003,96.3,38424282
ARG,Argentina,2004,96.5,38815916
ARG,Argentina,2005,96.7,39216789
ARG,Argentina,2006,97.0,39622115
ARG,Argentina,2007,97.2,40016763
ARG,Argentina,2008,97.5,40424148
ARG,Argentina,2009,97.8,40854831
ARG,Argentina,2010,98.8,41288694
ARG,Argentina,2011,99.0,41730660
ARG,Argentina,2012,99.1,42161721
ARG,Argentina,2013,99.3,42582455
ARG,Argentina,2014,100.0,43024071
ARG,Argentina,2015,99.7,43477012
ARG,Argentina,2016,99.9,43900313
ARG,Argentina,2017,100.0,44288894
ARG,Argentina,2018,100.0,44654882
ARG,Argentina,2019,100.0,44973465
ARG,Argentina,2020,100.0,45191965
ARG,Argentina,2021,100.0,45312281
ARG,Argentina,2022,100.0,45407904
ARG,Argentina,2023,100.0,45538401
ARG,Argentina,2024,98.4,45696159
ARM,Armenia,2000,98.9,3221100
ARM,Armenia,2001,100.0,3211800
ARM,Armenia,2002,98.0,3199800
ARM,Armenia,2003,99.1,3182500
ARM,Armenia,2004,99.1,3164900
ARM,Armenia,2005,99.8,3146400
ARM,Armenia,2006,99.1,3127100
ARM,Armenia,2007,99.2,3107400
ARM,Armenia,2008,99.2,3087100
ARM,Armenia,2009,99.3,3066000
ARM,Armenia,2010,99.8,3044800
ARM,Armenia,2011,99.5,3027900
ARM,Armenia,2012,99.5,3024100
ARM,Armenia,2013,99.4,3022000
ARM,Armenia,2014,99.7,3013800
ARM,Armenia,2015,100.0,3004600
ARM,Armenia,2016,99.8,2992300
ARM,Armenia,2017,99.7,2979400
ARM,Armenia,2018,99.9,2969000
ARM,Armenia,2019,100.0,2962500
ARM,Armenia,2020,100.0,2961500
ARM,Armenia,2021,100.0,2962300
ARM,Armenia,2022,100.0,2969200
ARM,Armenia,2023,100.0,2964300
ARM,Armenia,2024,100.0,3033500
ASM,American Samoa,2000,,56855
ASM,American Samoa,2001,,57053
ASM,American Samoa,2002,,57062
ASM,American Samoa,2003,,56971
ASM,American Samoa,2004,,56818
ASM,American Samoa,2005,,56617
ASM,American Samoa,2006,,56374
ASM,American Samoa,2007,,56113
ASM,American Samoa,2008,,55828
ASM,American Samoa,2009,,55528
ASM,American Samoa,2010,,55228
ASM,American Samoa,2011,,54895
ASM,American Samoa,2012,,54489
ASM,American Samoa,2013,,54006
ASM,American Samoa,2014,,53466
ASM,American Samoa,2015,,52878
ASM,American Samoa,2016,,52245
ASM,American Samoa,2017,,51586
ASM,American Samoa,2018,,50908
ASM,American Samoa,2019,,50209
ASM,American Samoa,2020,,49761
ASM,American Samoa,2021,,49225
ASM,American Samoa,2022,,48342
ASM,American Samoa,2023,,47521
ASM,American Samoa,2024,,46765
ATG,Antigua and Barbuda,2000,97.7,74912
ATG,Antigua and Barbuda,2001,97.7,76069
ATG,Antigua and Barbuda,2002,100.0,77032
ATG,Antigua and Barbuda,2003,97.9,77884
ATG,Antigua and Barbuda,2004,97.9,78719
ATG,Antigua and Barbuda,2005,92.2,79611
ATG,Antigua and Barbuda,2006,100.0,80604
ATG,Antigua and Barbuda,2007,100.0,81704
ATG,Antigua and Barbuda,2008,100.0,82912
ATG,Antigua and Barbuda,2009,98.5,84173
ATG,Antigua and Barbuda,2010,98.7,85320
ATG,Antigua and Barbuda,2011,94.6,86332
ATG,Antigua and Barbuda,2012,100.0,87260
ATG,Antigua and Barbuda,2013,100.0,88064
ATG,Antigua and Barbuda,2014,100.0,88765
ATG,Antigua and Barbuda,2015,100.0,89409
ATG,Antigua and Barbuda,2016,100.0,89969
ATG,Antigua and Barbuda,2017,100.0,90468
ATG,Antigua and Barbuda,2018,100.0,90926
ATG,Antigua and Barbuda,2019,100.0,91364
ATG,Antigua and Barbuda,2020,100.0,91846
ATG,Antigua and Barbuda,2021,100.0,92349
ATG,Antigua and Barbuda,2022,100.0,92840
ATG,Antigua and Barbuda,2023,100.0,93316
ATG,Antigua and Barbuda,2024,100.0,93772
AUS,Australia,2000,100.0,19028802
AUS,Australia,2001,100.0,19274701
AUS,Australia,2002,100.0,19495210
AUS,Australia,2003,100.0,19720737
AUS,Australia,2004,100.0,19932722
AUS,Australia,2005,100.0,20176844
AUS,Australia,2006,100.0,20450966
AUS,Australia,2007,100.0,20827622
AUS,Australia,2008,100.0,21249199
AUS,Australia,2009,100.0,21691653
AUS,Australia,2010,100.0,22031750
AUS,Australia,2011,100.0,22340024
AUS,Australia,2012,100.0,22733465
AUS,Australia,2013,100.0,23128129
AUS,Australia,2014,100.0,23475686
AUS,Australia,2015,100.0,23815995
AUS,Australia,2016,100.0,24190907
AUS,Australia,2017,100.0,24592588
AUS,Australia,2018,100.0,24963258
AUS,Australia,2019,100.0,25334826
AUS,Australia,2020,100.0,25649248
AUS,Australia,2021,100.0,25685412
AUS,Australia,2022,100.0,26018721
AUS,Australia,2023,100.0,26659922
AUS,Australia,2024,100.0,27194286
AUT,Austria,2000,100.0,8011566
AUT,Austria,2001,100.0,8042293
AUT,Austria,2002,100.0,8081957
AUT,Austria,2003,100.0,8121423
AUT,Austria,2004,100.0,8171966
AUT,Austria,2005,100.0,8227829
AUT,Austria,2006,100.0,8268641
AUT,Austria,2007,100.0,8295487
AUT,Austria,2008,100.0,8321496
AUT,Austria,2009,100.0,8343323
AUT,Austria,2010,100.0,8363404
AUT,Austria,2011,100.0,8391643
AUT,Austria,2012,100.0,8429991
AUT,Austria,2013,100.0,8479823
AUT,Austria,2014,100.0,8546356
AUT,Austria,2015,100.0,8642699
AUT,Austria,2016,100.0,8736668
AUT,Austria,2017,100.0,8797566
AUT,Austria,2018,100.0,8840521
AUT,Austria,2019,100.0,8879920
AUT,Austria,2020,100.0,8916864
AUT,Austria,2021,100.0,8955797
AUT,Austria,2022,100.0,9041851
AUT,Austria,2023,100.0,9131761
AUT,Austria,2024,100.0,9177982
AZE,Azerbaijan,2000,98.9,8048600
AZE,Azerbaijan,2001,98.6,8111200
AZE,Azerbaijan,2002,100.0,8171950
AZE,Azerbaijan,2003,98.8,8234100
AZE,Azerbaijan,2004,99.0,8306500
AZE,Azerbaijan,2005,99.1,8391850
AZE,Azerbaijan,2006,99.5,8484550
AZE,Azerbaijan,2007,99.5,8581300
AZE,Azerbaijan,2008,99.7,8763400
AZE,Azerbaijan,2009,99.9,8947243
AZE,Azerbaijan,2010,99.9,9054332
AZE,Azerbaijan,2011,99.9,9173082
AZE,Azerbaijan,2012,100.0,9295784
AZE,Azerbaijan,2013,100.0,9416801
AZE,Azerbaijan,2014,100.0,9535079
AZE,Azerbaijan,2015,100.0,9649341
AZE,Azerbaijan,2016,100.0,9757812
AZE,Azerbaijan,2017,100.0,9854033
AZE,Azerbaijan,2018,100.0,9939771
AZE,Azerbaijan,2019,100.0,10024283
AZE,Azerbaijan,2020,100.0,10093121
AZE,Azerbaijan,2021,100.0,10137750
AZE,Azerbaijan,2022,100.0,10141756
AZE,Azerbaijan,2023,100.0,10153958
AZE,Azerbaijan,2024,100.0,10202830
BDI,Burundi,2000,2.5,6470194
BDI,Burundi,2001,2.8,6634365
BDI,Burundi,2002,3.1,6824132
BDI,Burundi,2003,3.4,7043154
BDI,Burundi,2004,3.7,7310656
BDI,Burundi,2005,3.2,7587299
BDI,Burundi,2006,2.7,7865547
BDI,Burundi,2007,4.7,8161874
BDI,Burundi,2008,4.8,8505637
BDI,Burundi,2009,5.4,8947646
BDI,Burundi,2010,5.3,9376444
BDI,Burundi,2011,6.2,9717978
BDI,Burundi,2012,6.5,10071028
BDI,Burundi,2013,6.9,10439341
BDI,Burundi,2014,7.0,10799785
BDI,Burundi,2015,7.9,11047580
BDI,Burundi,2016,8.5,11239451
BDI,Burundi,2017,9.3,11506762
BDI,Burundi,2018,9.5,11859446
BDI,Burundi,2019,9.8,12255336
BDI,Burundi,2020,9.1,12617036
BDI,Burundi,2021,10.2,12965481
BDI,Burundi,2022,10.3,13321097
BDI,Burundi,2023,11.6,13689450
BDI,Burundi,2024,20.1,14047786
BEL,Belgium,2000,100.0,10251250
BEL,Belgium,2001,100.0,10286570
BEL,Belgium,2002,100.0,10332785
BEL,Belgium,2003,100.0,10376133
BEL,Belgium,2004,100.0,10421137
BEL,Belgium,2005,100.0,10478617
BEL,Belgium,2006,100.0,10547958
BEL,Belgium,2007,100.0,10625700
BEL,Belgium,2008,100.0,10709973
BEL,Belgium,2009,100.0,10796493
BEL,Belgium,2010,100.0,10895586
BEL,Belgium,2011,100.0,11038264
BEL,Belgium,2012,100.0,11106932
BEL,Belgium,2013,100.0,11159407
BEL,Belgium,2014,100.0,11209057
BEL,Belgium,2015,100.0,11274196
BEL,Belgium,2016,100.0,11331422
BEL,Belgium,2017,100.0,11375158
BEL,Belgium,2018,100.0,11427054
BEL,Belgium,2019,100.0,11488980
BEL,Belgium,2020,100.0,11538604
BEL,Belgium,2021,100.0,11586195
BEL,Belgium,2022,100.0,11680210
BEL,Belgium,2023,100.0,11779946
BEL,Belgium,2024,100.0,11858610
BEN,Benin,2000,21.5,7221619
BEN,Benin,2001,21.9,7445596
BEN,Benin,2002,23.4,7675426
BEN,Benin,2003,24.3,7913070
BEN,Benin,2004,25.2,8159094
BEN,Benin,2005,26.1,8426144
BEN,Benin,2006,27.9,8693242
BEN,Benin,2007,28.0,8953969
BEN,Benin,2008,29.0,9228466
BEN,Benin,2009,30.0,9509423
BEN,Benin,2010,34.2,9797484
BEN,Benin,2011,36.9,10093623
BEN,Benin,2012,38.4,10397657
BEN,Benin,2013,34.7,10708834
BEN,Benin,2014,34.1,11030004
BEN,Benin,2015,29.6,11360681
BEN,Benin,2016,37.0,11697842
BEN,Benin,2017,34.5,12039780
BEN,Benin,2018,39.0,12383347
BEN,Benin,2019,40.0,12726755
BEN,Benin,2020,41.0,13070169
BEN,Benin,2021,42.0,13413417
BEN,Benin,2022,56.5,13759501
BEN,Benin,2023,57.0,14111034
BEN,Benin,2024,59.0,14462724
BFA,Burkina Faso,2000,9.1,11925546
BFA,Burkina Faso,2001,9.5,12295001
BFA,Burkina Faso,2002,9.9,12680897
BFA,Burkina Faso,2003,11.4,13082532
BFA,Burkina Faso,2004,10.7,13500533
BFA,Burkina Faso,2005,11.1,13932123
BFA,Burkina Faso,2006,11.6,14373707
BFA,Burkina Faso,2007,12.0,14816307
BFA,Burkina Faso,2008,12.5,15258093
BFA,Burkina Faso,2009,12.6,15710066
BFA,Burkina Faso,2010,13.1,16176498
BFA,Burkina Faso,2011,14.8,16661908
BFA,Burkina Faso,2012,15.1,17172287
BFA,Burkina Faso,2013,15.4,17695409
BFA,Burkina Faso,2014,19.2,18229461
BFA,Burkina Faso,2015,16.2,18777487
BFA,Burkina Faso,2016,16.6,19334856
BFA,Burkina Faso,2017,17.0,19894407
BFA,Burkina Faso,2018,14.4,20438288
BFA,Burkina Faso,2019,17.6,20961952
BFA,Burkina Faso,2020,18.5,21478690
BFA,Burkina Faso,2021,19.0,21995243
BFA,Burkina Faso,2022,19.5,22509038
BFA,Burkina Faso,2023,21.7,23025776
BFA,Burkina Faso,2024,34.0,23548781
BGD,Bangladesh,2000,32.0,134544304
BGD,Bangladesh,2001,35.0,136805810
BGD,Bangladesh,2002,37.8,138933658
BGD,Bangladesh,2003,40.5,140970351
BGD,Bangladesh,2004,40.6,142902856
BGD,Bangladesh,2005,44.2,144715786
BGD,Bangladesh,2006,50.5,146405973
BGD,Bangladesh,2007,46.5,147989278
BGD,Bangladesh,2008,54.3,149474264
BGD,Bangladesh,2009,57.1,150873714
BGD,Bangladesh,2010,55.3,152201981
BGD,Bangladesh,2011,59.6,153591076
BGD,Bangladesh,2012,65.5,155070101
BGD,Bangladesh,2013,61.5,156532141
BGD,Bangladesh,2014,62.4,157964929
BGD,Bangladesh,2015,74.0,159383179
BGD,Bangladesh,2016,75.9,160811932
BGD,Bangladesh,2017,88.0,162186147
BGD,Bangladesh,2018,86.9,163523103
BGD,Bangladesh,2019,92.2,164913055
BGD,Bangladesh,2020,96.2,166298024
BGD,Bangladesh,2021,99.0,167658854
BGD,Bangladesh,2022,99.4,169384897
BGD,Bangladesh,2023,99.5,171466990
BGD,Bangladesh,2024,99.5,173562364
BGR,Bulgaria,2000,88.1,8170172
BGR,Bulgaria,2001,88.6,8009142
BGR,Bulgaria,2002,89.1,7837161
BGR,Bulgaria,2003,89.6,7775327
BGR,Bulgaria,2004,90.1,7716860
BGR,Bulgaria,2005,90.6,7658972
BGR,Bulgaria,2006,91.2,7601022
BGR,Bulgaria,2007,91.7,7545338
BGR,Bulgaria,2008,92.3,7492561
BGR,Bulgaria,2009,92.9,7444443
BGR,Bulgaria,2010,93.5,7395599
BGR,Bulgaria,2011,94.1,7348328
BGR,Bulgaria,2012,94.7,7305888
BGR,Bulgaria,2013,95.3,7160005
BGR,Bulgaria,2014,95.9,7073572
BGR,Bulgaria,2015,96.6,6984225
BGR,Bulgaria,2016,97.3,6894139
BGR,Bulgaria,2017,98.1,6803468
BGR,Bulgaria,2018,98.7,6710798
BGR,Bulgaria,2019,99.2,6616726
BGR,Bulgaria,2020,99.7,6550696
BGR,Bulgaria,2021,99.8,6507301
BGR,Bulgaria,2022,100.0,6465097
BGR,Bulgaria,2023,100.0,6446596
BGR,Bulgaria,2024,100.0,6441421
BHR,Bahrain,2000,100.0,637582
BHR,Bahrain,2001,100.0,661316
BHR,Bahrain,2002,100.0,710553
BHR,Bahrain,2003,100.0,764517
BHR,Bahrain,2004,100.0,823741
BHR,Bahrain,2005,100.0,888822
BHR,Bahrain,2006,100.0,960424
BHR,Bahrain,2007,100.0,1039295
BHR,Bahrain,2008,100.0,1103496
BHR,Bahrain,2009,100.0,1178415
BHR,Bahrain,2010,100.0,1228543
BHR,Bahrain,2011,100.0,1195020
BHR,Bahrain,2012,100.0,1208964
BHR,Bahrain,2013,100.0,1253191
BHR,Bahrain,2014,100.0,1314562
BHR,Bahrain,2015,100.0,1370322
BHR,Bahrain,2016,100.0,1423726
BHR,Bahrain,2017,100.0,1501116
BHR,Bahrain,2018,100.0,1503091
BHR,Bahrain,2019,100.0,1483756
BHR,Bahrain,2020,100.0,1472204
BHR,Bahrain,2021,100.0,1504365
BHR,Bahrain,2022,100.0,1524693
BHR,Bahrain,2023,100.0,1577059
BHR,Bahrain,2024,100.0,1588670
BHS,"Bahamas, The",2000,100.0,323835
BHS,"Bahamas, The",2001,100.0,327836
BHS,"Bahamas, The",2002,100.0,331614
BHS,"Bahamas, The",2003,100.0,335618
BHS,"Bahamas, The",2004,100.0,339782
BHS,"Bahamas, The",2005,100.0,343894
BHS,"Bahamas, The",2006,100.0,348375
BHS,"Bahamas, The",2007,100.0,353334
BHS,"Bahamas, The",2008,100.0,358120
BHS,"Bahamas, The",2009,100.0,362810
BHS,"Bahamas, The",2010,100.0,367478
BHS,"Bahamas, The",2011,100.0,371729
BHS,"Bahamas, The",2012,100.0,375469
BHS,"Bahamas, The",2013,100.0,378953
BHS,"Bahamas, The",2014,100.0,382298
BHS,"Bahamas, The",2015,100.0,385346
BHS,"Bahamas, The",2016,100.0,388055
BHS,"Bahamas, The",2017,100.0,390485
BHS,"Bahamas, The",2018,100.0,392717
BHS,"Bahamas, The",2019,100.0,394675
BHS,"Bahamas, The",2020,100.0,395863
BHS,"Bahamas, The",2021,100.0,396373
BHS,"Bahamas, The",2022,100.0,397538
BHS,"Bahamas, The",2023,100.0,399440
BHS,"Bahamas, The",2024,100.0,401283
BIH,Bosnia and Herzegovina,2000,99.0,4159771
BIH,Bosnia and Herzegovina,2001,99.4,4179438
BIH,Bosnia and Herzegovina,2002,98.5,4188002
BIH,Bosnia and Herzegovina,2003,99.0,4178523
BIH,Bosnia and Herzegovina,2004,99.1,4140987
BIH,Bosnia and Herzegovina,2005,99.1,4096493
BIH,Bosnia and Herzegovina,2006,99.4,4063272
BIH,Bosnia and Herzegovina,2007,99.7,4013424
BIH,Bosnia and Herzegovina,2008,99.3,3947544
BIH,Bosnia and Herzegovina,2009,99.4,3879794
BIH,Bosnia and Herzegovina,2010,99.5,3811472
BIH,Bosnia and Herzegovina,2011,99.7,3741798
BIH,Bosnia and Herzegovina,2012,99.7,3670113
BIH,Bosnia and Herzegovina,2013,99.5,3610859
BIH,Bosnia and Herzegovina,2014,99.9,3564829
BIH,Bosnia and Herzegovina,2015,99.7,3518541
BIH,Bosnia and Herzegovina,2016,100.0,3473003
BIH,Bosnia and Herzegovina,2017,100.0,3428682
BIH,Bosnia and Herzegovina,2018,100.0,3387000
BIH,Bosnia and Herzegovina,2019,100.0,3345533
BIH,Bosnia and Herzegovina,2020,100.0,3299349
BIH,Bosnia and Herzegovina,2021,100.0,3244907
BIH,Bosnia and Herzegovina,2022,100.0,3204802
BIH,Bosnia and Herzegovina,2023,100.0,3185073
BIH,Bosnia and Herzegovina,2024,100.0,3164253
BLR,Belarus,2000,89.0,9979610
BLR,Belarus,2001,89.5,9928549
BLR,Belarus,2002,90.0,9865548
BLR,Belarus,2003,90.5,9796749
BLR,Belarus,2004,91.0,9730146
BLR,Belarus,2005,91.5,9663915
BLR,Belarus,2006,92.1,9604924
BLR,Belarus,2007,92.6,9560953
BLR,Belarus,2008,93.2,9527985
BLR,Belarus,2009,93.8,9504583
BLR,Belarus,2010,94.4,9483836
BLR,Belarus,2011,95.0,9461643
BLR,Belarus,2012,95.6,9446836
BLR,Belarus,2013,96.2,9443211
BLR,Belarus,2014,96.8,9448515
BLR,Belarus,2015,97.4,9461076
BLR,Belarus,2016,98.0,9469379
BLR,Belarus,2017,98.7,9458989
BLR,Belarus,2018,99.3,9438785
BLR,Belarus,2019,100.0,9419758
BLR,Belarus,2020,100.0,9379952
BLR,Belarus,2021,100.0,9302585
BLR,Belarus,2022,100.0,9228071
BLR,Belarus,2023,100.0,9178298
BLR,Belarus,2024,100.0,9132629
BLZ,Belize,2000,79.0,240799
BLZ,Belize,2001,80.2,248379
BLZ,Belize,2002,81.0,256009
BLZ,Belize,2003,81.8,263780
BLZ,Belize,2004,82.6,271688
BLZ,Belize,2005,83.5,279731
BLZ,Belize,2006,91.0,287878
BLZ,Belize,2007,85.2,296100
BLZ,Belize,2008,86.1,304361
BLZ,Belize,2009,86.9,312614
BLZ,Belize,2010,89.9,320245
BLZ,Belize,2011,91.7,327298
BLZ,Belize,2012,90.9,334414
BLZ,Belize,2013,91.1,341627
BLZ,Belize,2014,91.5,348923
BLZ,Belize,2015,91.8,356333
BLZ,Belize,2016,93.3,364705
BLZ,Belize,2017,94.2,373202
BLZ,Belize,2018,91.7,380226
BLZ,Belize,2019,92.7,385829
BLZ,Belize,2020,96.8,390812
BLZ,Belize,2021,97.7,395346
BLZ,Belize,2022,98.6,402733
BLZ,Belize,2023,99.6,411106
BLZ,Belize,2024,99.6,417072
BMU,Bermuda,2000,100.0,61550
BMU,Bermuda,2001,100.0,61867
BMU,Bermuda,2002,100.0,62142
BMU,Bermuda,2003,100.0,62386
BMU,Bermuda,2004,100.0,62555
BMU,Bermuda,2005,100.0,62711
BMU,Bermuda,2006,100.0,62834
BMU,Bermuda,2007,100.0,63010
BMU,Bermuda,2008,100.0,63300
BMU,Bermuda,2009,100.0,63565
BMU,Bermuda,2010,100.0,63725
BMU,Bermuda,2011,100.0,63733
BMU,Bermuda,2012,100.0,63646
BMU,Bermuda,2013,100.0,63574
BMU,Bermuda,2014,100.0,63529
BMU,Bermuda,2015,100.0,63464
BMU,Bermuda,2016,100.0,63449
BMU,Bermuda,2017,100.0,63578
BMU,Bermuda,2018,100.0,63831
BMU,Bermuda,2019,100.0,64107
BMU,Bermuda,2020,100.0,64382
BMU,Bermuda,2021,100.0,64648
BMU,Bermuda,2022,100.0,64749
BMU,Bermuda,2023,100.0,64698
BMU,Bermuda,2024,100.0,64636
BOL,Bolivia,2000,70.0,8606326
BOL,Bolivia,2001,69.3,8752736
BOL,Bolivia,2002,64.0,8900355
BOL,Bolivia,2003,72.3,9050700
BOL,Bolivia,2004,75.9,9204287
BOL,Bolivia,2005,68.3,9360754
BOL,Bolivia,2006,76.2,9521689
BOL,Bolivia,2007,80.2,9685960
BOL,Bolivia,2008,84.7,9850858
BOL,Bolivia,2009,86.8,10016275
BOL,Bolivia,2010,88.0,10182345
BOL,Bolivia,2011,88.3,10348929
BOL,Bolivia,2012,90.4,10515807
BOL,Bolivia,2013,89.5,10682608
BOL,Bolivia,2014,90.0,10848888
BOL,Bolivia,2015,91.5,11014705
BOL,Bolivia,2016,91.8,11180020
BOL,Bolivia,2017,91.8,11344587
BOL,Bolivia,2018,92.8,11508368
BOL,Bolivia,2019,95.1,11671386
BOL,Bolivia,2020,97.2,11816299
BOL,Bolivia,2021,98.6,11937360
BOL,Bolivia,2022,99.9,12077154
BOL,Bolivia,2023,99.8,12244159
BOL,Bolivia,2024,96.6,12413315
BRA,Brazil,2000,94.4,174018282
BRA,Brazil,2001,96.0,176301203
BRA,Brazil,2002,96.7,178503484
BRA,Brazil,2003,97.0,180622688
BRA,Brazil,2004,96.8,182675143
BRA,Brazil,2005,97.1,184688101
BRA,Brazil,2006,97.6,186653106
BRA,Brazil,2007,98.1,188552320
BRA,Brazil,2008,98.5,190367302
BRA,Brazil,2009,98.9,192079951
BRA,Brazil,2010,98.6,193701929
BRA,Brazil,2011,99.3,195284734
BRA,Brazil,2012,99.5,196876111
BRA,Brazil,2013,99.6,198478299
BRA,Brazil,2014,99.7,200085127
BRA,Brazil,2015,99.7,201675532
BRA,Brazil,2016,99.7,203218114
BRA,Brazil,2017,99.8,204703445
BRA,Brazil,2018,99.7,206107261
BRA,Brazil,2019,99.8,207455459
BRA,Brazil,2020,99.7,208660842
BRA,Brazil,2021,99.5,209550294
BRA,Brazil,2022,100.0,210306415
BRA,Brazil,2023,99.8,211140729
BRA,Brazil,2024,99.8,211998573
BRB,Barbados,2000,100.0,262063
BRB,Barbados,2001,100.0,262425
BRB,Barbados,2002,100.0,264148
BRB,Barbados,2003,100.0,265776
BRB,Barbados,2004,99.9,267298
BRB,Barbados,2005,99.9,268706
BRB,Barbados,2006,100.0,270002
BRB,Barbados,2007,100.0,271288
BRB,Barbados,2008,100.0,272714
BRB,Barbados,2009,100.0,274123
BRB,Barbados,2010,100.0,275243
BRB,Barbados,2011,100.0,276139
BRB,Barbados,2012,100.0,276938
BRB,Barbados,2013,100.0,277665
BRB,Barbados,2014,100.0,278348
BRB,Barbados,2015,100.0,278990
BRB,Barbados,2016,100.0,279598
BRB,Barbados,2017,100.0,280171
BRB,Barbados,2018,100.0,280711
BRB,Barbados,2019,100.0,281207
BRB,Barbados,2020,100.0,281698
BRB,Barbados,2021,100.0,282147
BRB,Barbados,2022,100.0,282318
BRB,Barbados,2023,100.0,282336
BRB,Barbados,2024,100.0,282467
BRN,Brunei Darussalam,2000,100.0,326424
BRN,Brunei Darussalam,2001,100.0,333345
BRN,Brunei Darussalam,2002,100.0,340099
BRN,Brunei Darussalam,2003,100.0,346637
BRN,Brunei Darussalam,2004,100.0,352911
BRN,Brunei Darussalam,2005,100.0,358916
BRN,Brunei Darussalam,2006,100.0,364663
BRN,Brunei Darussalam,2007,100.0,370873
BRN,Brunei Darussalam,2008,100.0,377793
BRN,Brunei Darussalam,2009,100.0,384952
BRN,Brunei Darussalam,2010,100.0,392332
BRN,Brunei Darussalam,2011,100.0,399389
BRN,Brunei Darussalam,2012,100.0,405557
BRN,Brunei Darussalam,2013,100.0,411202
BRN,Brunei Darussalam,2014,100.0,416750
BRN,Brunei Darussalam,2015,100.0,422212
BRN,Brunei Darussalam,2016,100.0,427564
BRN,Brunei Darussalam,2017,100.0,432772
BRN,Brunei Darussalam,2018,100.0,437810
BRN,Brunei Darussalam,2019,100.0,442680
BRN,Brunei Darussalam,2020,100.0,447404
BRN,Brunei Darussalam,2021,100.0,451721
BRN,Brunei Darussalam,2022,100.0,455370
BRN,Brunei Darussalam,2023,100.0,458949
BRN,Brunei Darussalam,2024,100.0,462721
BTN,Bhutan,2000,31.1,596863
BTN,Bhutan,2001,40.2,610794
BTN,Bhutan,2002,44.1,624409
BTN,Bhutan,2003,41.1,637663
BTN,Bhutan,2004,51.9,650544
BTN,Bhutan,2005,59.8,661865
BTN,Bhutan,2006,59.7,670799
BTN,Bhutan,2007,71.8,678641
BTN,Bhutan,2008,67.6,686351
BTN,Bhutan,2009,71.5,693988
BTN,Bhutan,2010,73.3,701632
BTN,Bhutan,2011,81.8,709377
BTN,Bhutan,2012,91.5,717279
BTN,Bhutan,2013,87.4,725273
BTN,Bhutan,2014,91.4,733139
BTN,Bhutan,2015,95.4,740618
BTN,Bhutan,2016,99.3,747866
BTN,Bhutan,2017,97.7,754335
BTN,Bhutan,2018,100.0,759759
BTN,Bhutan,2019,100.0,764824
BTN,Bhutan,2020,100.0,770006
BTN,Bhutan,2021,100.0,775442
BTN,Bhutan,2022,100.0,780914
BTN,Bhutan,2023,100.0,786385
BTN,Bhutan,2024,100.0,791524
BWA,Botswana,2000,26.5,1677382
BWA,Botswana,2001,24.8,1712254
BWA,Botswana,2002,27.0,1744763
BWA,Botswana,2003,33.1,1775736
BWA,Botswana,2004,35.3,1807146
BWA,Botswana,2005,37.5,1839877
BWA,Botswana,2006,39.7,1874516
BWA,Botswana,2007,41.9,1911201
BWA,Botswana,2008,44.5,1949970
BWA,Botswana,2009,43.4,1990673
BWA,Botswana,2010,52.0,2033111
BWA,Botswana,2011,53.2,2073535
BWA,Botswana,2012,56.0,2108617
BWA,Botswana,2013,58.0,2140682
BWA,Botswana,2014,60.0,2172044
BWA,Botswana,2015,62.1,2203273
BWA,Botswana,2016,64.2,2234776
BWA,Botswana,2017,67.4,2266747
BWA,Botswana,2018,68.3,2299141
BWA,Botswana,2019,70.1,2332083
BWA,Botswana,2020,71.8,2365894
BWA,Botswana,2021,73.7,2401441
BWA,Botswana,2022,75.9,2439892
BWA,Botswana,2023,76.0,2480244
BWA,Botswana,2024,80.2,2521139
CAF,Central African Republic,2000,6.0,3833416
CAF,Central African Republic,2001,5.7,3919487
CAF,Central African Republic,2002,6.1,4006077
CAF,Central African Republic,2003,6.6,4103086
CAF,Central African Republic,2004,7.0,4192826
CAF,Central African Republic,2005,7.4,4288810
CAF,Central African Republic,2006,7.8,4377579
CAF,Central African Republic,2007,8.4,4462770
CAF,Central African Republic,2008,7.5,4558984
CAF,Central African Republic,2009,9.4,4529047
CAF,Central African Republic,2010,9.8,4492995
CAF,Central African Republic,2011,10.4,4565021
CAF,Central African Republic,2012,11.0,4610848
CAF,Central African Republic,2013,11.5,4642419
CAF,Central African Republic,2014,12.0,4623182
CAF,Central African Republic,2015,12.7,4629320
CAF,Central African Republic,2016,13.4,4713663
CAF,Central African Republic,2017,14.1,4793511
CAF,Central African Republic,2018,14.6,4878657
CAF,Central African Republic,2019,14.3,4944703
CAF,Central African Republic,2020,15.4,5026628
CAF,Central African Republic,2021,15.7,5112100
CAF,Central African Republic,2022,15.7,5098039
CAF,Central African Republic,2023,17.6,5152421
CAF,Central African Republic,2024,18.2,5330690
CAN,Canada,2000,100.0,30685730
CAN,Canada,2001,100.0,31020855
CAN,Canada,2002,100.0,31359199
CAN,Canada,2003,100.0,31642461
CAN,Canada,2004,100.0,31938807
CAN,Canada,2005,100.0,32242732
CAN,Canada,2006,100.0,32571193
CAN,Canada,2007,100.0,32888886
CAN,Canada,2008,100.0,33247298
CAN,Canada,2009,100.0,33630069
CAN,Canada,2010,100.0,34005902
CAN,Canada,2011,100.0,34339221
CAN,Canada,2012,100.0,34713395
CAN,Canada,2013,100.0,35080992
CAN,Canada,2014,100.0,35434066
CAN,Canada,2015,100.0,35704498
CAN,Canada,2016,100.0,36110803
CAN,Canada,2017,100.0,36545075
CAN,Canada,2018,100.0,37072620
CAN,Canada,2019,100.0,37618495
CAN,Canada,2020,100.0,38028638
CAN,Canada,2021,100.0,38239864
CAN,Canada,2022,100.0,38950132
CAN,Canada,2023,100.0,40049088
CAN,Canada,2024,100.0,41262329
CEB,Central Europe and the Baltics,2000,97.9262635329594,108447824
CEB,Central Europe and the Baltics,2001,98.0235379735737,107660041
CEB,Central Europe and the Baltics,2002,98.1415583203817,106959751
CEB,Central Europe and the Baltics,2003,98.1907968950416,106624167
CEB,Central Europe and the Baltics,2004,98.26792983008,106331716
CEB,Central Europe and the Baltics,2005,98.3206998410279,106041911
CEB,Central Europe and the Baltics,2006,98.4242817808159,105772481
CEB,Central Europe and the Baltics,2007,98.5276446395055,105378748
CEB,Central Europe and the Baltics,2008,98.668856546125,105001883
CEB,Central Europe and the Baltics,2009,98.8586601186684,104800475
CEB,Central Europe and the Baltics,2010,98.9644271545097,104421447
CEB,Central Europe and the Baltics,2011,99.0682987223746,104174038
CEB,Central Europe and the Baltics,2012,99.2028356897417,103929494
CEB,Central Europe and the Baltics,2013,99.3084773841306,103570062
CEB,Central Europe and the Baltics,2014,99.410769462163,103280478
CEB,Central Europe and the Baltics,2015,99.5384709863299,102973167
CEB,Central Europe and the Baltics,2016,99.6459138297945,102647939
CEB,Central Europe and the Baltics,2017,99.8736866830469,102337501
CEB,Central Europe and the Baltics,2018,99.8763758983526,102074201
CEB,Central Europe and the Baltics,2019,99.9480349626799,101864274
CEB,Central Europe and the Baltics,2020,99.98058396497,101215763
CEB,Central Europe and the Baltics,2021,99.9870121182289,100205732
CEB,Central Europe and the Baltics,2022,100.0,100071871
CEB,Central Europe and the Baltics,2023,100.0,100183707
CEB,Central Europe and the Baltics,2024,100.0,100061963
CHE,Switzerland,2000,100.0,7184250
CHE,Switzerland,2001,100.0,7229854
CHE,Switzerland,2002,100.0,7284753
CHE,Switzerland,2003,100.0,7339001
CHE,Switzerland,2004,100.0,7389625
CHE,Switzerland,2005,100.0,7437115
CHE,Switzerland,2006,100.0,7483934
CHE,Switzerland,2007,100.0,7551117
CHE,Switzerland,2008,100.0,7647675
CHE,Switzerland,2009,100.0,7743831
CHE,Switzerland,2010,100.0,7824909
CHE,Switzerland,2011,100.0,7912398
CHE,Switzerland,2012,100.0,7996861
CHE,Switzerland,2013,100.0,8089346
CHE,Switzerland,2014,100.0,8188649
CHE,Switzerland,2015,100.0,8282396
CHE,Switzerland,2016,100.0,8373338
CHE,Switzerland,2017,100.0,8451840
CHE,Switzerland,2018,100.0,8514329
CHE,Switzerland,2019,100.0,8575280
CHE,Switzerland,2020,100.0,8638167
CHE,Switzerland,2021,100.0,8704546
CHE,Switzerland,2022,100.0,8777088
CHE,Switzerland,2023,100.0,8888822
CHE,Switzerland,2024,100.0,9005582
CHI,Channel Islands,2000,100.0,148110
CHI,Channel Islands,2001,100.0,148850
CHI,Channel Islands,2002,100.0,149881
CHI,Channel Islands,2003,100.0,150960
CHI,Channel Islands,2004,100.0,152039
CHI,Channel Islands,2005,100.0,153126
CHI,Channel Islands,2006,100.0,154214
CHI,Channel Islands,2007,100.0,155309
CHI,Channel Islands,2008,100.0,156408
CHI,Channel Islands,2009,100.0,157511
CHI,Channel Islands,2010,100.0,158621
CHI,Channel Islands,2011,100.0,159706
CHI,Channel Islands,2012,100.0,160767
CHI,Channel Islands,2013,100.0,161777
CHI,Channel Islands,2014,100.0,162726
CHI,Channel Islands,2015,100.0,163454
CHI,Channel Islands,2016,100.0,163883
CHI,Channel Islands,2017,100.0,164319
CHI,Channel Islands,2018,100.0,164949
CHI,Channel Islands,2019,100.0,165639
CHI,Channel Islands,2020,100.0,166235
CHI,Channel Islands,2021,100.0,166741
CHI,Channel Islands,2022,100.0,167215
CHI,Channel Islands,2023,100.0,167691
CHI,Channel Islands,2024,100.0,168126
CHL,Chile,2000,97.9,15503635
CHL,Chile,2001,97.1,15683849
CHL,Chile,2002,97.3,15857925
CHL,Chile,2003,98.8,16024752
CHL,Chile,2004,97.5,16187322
CHL,Chile,2005,97.7,16348778
CHL,Chile,2006,99.4,16509195
CHL,Chile,2007,98.0,16671581
CHL,Chile,2008,98.2,16838988
CHL,Chile,2009,99.6,17009731
CHL,Chile,2010,99.5,17181464
CHL,Chile,2011,99.6,17351816
CHL,Chile,2012,100.0,17519119
CHL,Chile,2013,99.6,17687006
CHL,Chile,2014,100.0,17864195
CHL,Chile,2015,99.7,18047625
CHL,Chile,2016,100.0,18267221
CHL,Chile,2017,99.7,18558868
CHL,Chile,2018,100.0,18893191
CHL,Chile,2019,100.0,19197744
CHL,Chile,2020,100.0,19370624
CHL,Chile,2021,100.0,19456334
CHL,Chile,2022,100.0,19553036
CHL,Chile,2023,100.0,19658835
CHL,Chile,2024,99.0,19764771
CHN,China,2000,96.7,1262645000
CHN,China,2001,97.0,1271850000
CHN,China,2002,97.2,1280400000
CHN,China,2003,97.4,1288400000
CHN,China,2004,97.7,1296075000
CHN,China,2005,97.9,1303720000
CHN,China,2006,98.2,1311020000
CHN,China,2007,98.5,1317885000
CHN,China,2008,98.8,1324655000
CHN,China,2009,99.1,1331260000
CHN,China,2010,99.7,1337705000
CHN,China,2011,99.9,1345035000
CHN,China,2012,99.9,1354190000
CHN,China,2013,100.0,1363240000
CHN,China,2014,100.0,1371860000
CHN,China,2015,100.0,1379860000
CHN,China,2016,100.0,1387790000
CHN,China,2017,100.0,1396215000
CHN,China,2018,100.0,1402760000
CHN,China,2019,100.0,1407745000
CHN,China,2020,100.0,1411100000
CHN,China,2021,100.0,1412360000
CHN,China,2022,100.0,1412175000
CHN,China,2023,100.0,1410710000
CHN,China,2024,100.0,1408975000
CIV,Cote d'Ivoire,2000,48.7,17699004
CIV,Cote d'Ivoire,2001,49.7,18178913
CIV,Cote d'Ivoire,2002,51.4,18654771
CIV,Cote d'Ivoire,2003,51.5,19125542
CIV,Cote d'Ivoire,2004,52.4,19595000
CIV,Cote d'Ivoire,2005,58.9,20068458
CIV,Cote d'Ivoire,2006,60.2,20546802
CIV,Cote d'Ivoire,2007,55.3,21030558
CIV,Cote d'Ivoire,2008,60.3,21514439
CIV,Cote d'Ivoire,2009,57.3,21997940
CIV,Cote d'Ivoire,2010,58.4,22488065
CIV,Cote d'Ivoire,2011,55.8,22982000
CIV,Cote d'Ivoire,2012,55.8,23467078
CIV,Cote d'Ivoire,2013,61.5,23939775
CIV,Cote d'Ivoire,2014,61.9,24527395
CIV,Cote d'Ivoire,2015,62.6,25246342
CIV,Cote d'Ivoire,2016,64.3,25989405
CIV,Cote d'Ivoire,2017,65.6,26733372
CIV,Cote d'Ivoire,2018,67.1,27464173
CIV,Cote d'Ivoire,2019,68.6,28193009
CIV,Cote d'Ivoire,2020,69.9,28915449
CIV,Cote d'Ivoire,2021,71.1,29639736
CIV,Cote d'Ivoire,2022,70.4,30395002
CIV,Cote d'Ivoire,2023,72.4,31165654
CIV,Cote d'Ivoire,2024,72.9,31934230
CMR,Cameroon,2000,41.0,14912631
CMR,Cameroon,2001,46.2,15309490
CMR,Cameroon,2002,44.0,15725528
CMR,Cameroon,2003,45.1,16160340
CMR,Cameroon,2004,47.1,16610487
CMR,Cameroon,2005,47.2,17074594
CMR,Cameroon,2006,49.0,17550407
CMR,Cameroon,2007,48.2,18049896
CMR,Cameroon,2008,50.6,18574056
CMR,Cameroon,2009,51.7,19113974
CMR,Cameroon,2010,52.8,19668066
CMR,Cameroon,2011,53.7,20232304
CMR,Cameroon,2012,55.2,20809529
CMR,Cameroon,2013,56.3,21402376
CMR,Cameroon,2014,56.8,22059893
CMR,Cameroon,2015,58.6,22763414
CMR,Cameroon,2016,59.8,23454161
CMR,Cameroon,2017,60.9,24128601
CMR,Cameroon,2018,62.2,24806383
CMR,Cameroon,2019,63.2,25506095
CMR,Cameroon,2020,64.3,26210558
CMR,Cameroon,2021,65.4,26915758
CMR,Cameroon,2022,71.0,27632771
CMR,Cameroon,2023,72.0,28372687
CMR,Cameroon,2024,72.0,29123744
COD,"Congo, Dem. Rep.",2000,6.7,50507442
COD,"Congo, Dem. Rep.",2001,7.1,52132646
COD,"Congo, Dem. Rep.",2002,7.7,53750524
COD,"Congo, Dem. Rep.",2003,8.3,55343867
COD,"Congo, Dem. Rep.",2004,9.0,56997741
COD,"Congo, Dem. Rep.",2005,6.0,58775724
COD,"Congo, Dem. Rep.",2006,10.2,60615908
COD,"Congo, Dem. Rep.",2007,15.2,62477752
COD,"Congo, Dem. Rep.",2008,11.6,64390664
COD,"Congo, Dem. Rep.",2009,12.3,66412044
COD,"Congo, Dem. Rep.",2010,13.0,68563038
COD,"Congo, Dem. Rep.",2011,13.7,70849311
COD,"Congo, Dem. Rep.",2012,15.4,73254618
COD,"Congo, Dem. Rep.",2013,15.2,75789395
COD,"Congo, Dem. Rep.",2014,13.5,78403242
COD,"Congo, Dem. Rep.",2015,16.6,81035531
COD,"Congo, Dem. Rep.",2016,17.3,83956415
COD,"Congo, Dem. Rep.",2017,18.0,87083398
COD,"Congo, Dem. Rep.",2018,18.7,90047644
COD,"Congo, Dem. Rep.",2019,19.1,92947442
COD,"Congo, Dem. Rep.",2020,20.1,95989998
COD,"Congo, Dem. Rep.",2021,20.8,99148932
COD,"Congo, Dem. Rep.",2022,21.5,102396968
COD,"Congo, Dem. Rep.",2023,22.1,105789731
COD,"Congo, Dem. Rep.",2024,22.5,109276265
COG,"Congo, Rep.",2000,29.4,3151345
COG,"Congo, Rep.",2001,30.3,3272537
COG,"Congo, Rep.",2002,31.2,3350771
COG,"Congo, Rep.",2003,32.1,3445753
COG,"Congo, Rep.",2004,33.0,3565554
COG,"Congo, Rep.",2005,33.8,3696393
COG,"Congo, Rep.",2006,34.9,3837409
COG,"Congo, Rep.",2007,35.8,3980430
COG,"Congo, Rep.",2008,36.8,4113517
COG,"Congo, Rep.",2009,37.1,4281219
COG,"Congo, Rep.",2010,40.0,4462290
COG,"Congo, Rep.",2011,40.8,4609724
COG,"Congo, Rep.",2012,41.6,4740450
COG,"Congo, Rep.",2013,42.5,4857099
COG,"Congo, Rep.",2014,43.4,4975880
COG,"Congo, Rep.",2015,44.3,5097581
COG,"Congo, Rep.",2016,45.3,5222536
COG,"Congo, Rep.",2017,46.2,5351011
COG,"Congo, Rep.",2018,47.0,5483118
COG,"Congo, Rep.",2019,47.7,5616661
COG,"Congo, Rep.",2020,48.7,5752791
COG,"Congo, Rep.",2021,49.7,5892183
COG,"Congo, Rep.",2022,50.6,6035104
COG,"Congo, Rep.",2023,51.3,6182885
COG,"Congo, Rep.",2024,53.0,6332961
COL,Colombia,2000,95.2,39089934
COL,Colombia,2001,98.5,39709262
COL,Colombia,2002,94.9,40324680
COL,Colombia,2003,95.1,40937429
COL,Colombia,2004,95.3,41543171
COL,Colombia,2005,96.8,42128977
COL,Colombia,2006,95.7,42691084
COL,Colombia,2007,96.0,43235374
COL,Colombia,2008,96.8,43758808
COL,Colombia,2009,96.1,44271541
COL,Colombia,2010,96.8,44777319
COL,Colombia,2011,96.7,45259614
COL,Colombia,2012,97.0,45715810
COL,Colombia,2013,97.8,46151584
COL,Colombia,2014,97.8,46565429
COL,Colombia,2015,98.2,46969940
COL,Colombia,2016,98.4,47437512
COL,Colombia,2017,98.5,48131078
COL,Colombia,2018,98.5,49024465
COL,Colombia,2019,99.4,49907985
COL,Colombia,2020,99.7,50629997
COL,Colombia,2021,100.0,51188173
COL,Colombia,2022,100.0,51737944
COL,Colombia,2023,98.7,52321152
COL,Colombia,2024,98.9,52886363
COM,Comoros,2000,39.8,536080
COM,Comoros,2001,42.0,547220
COM,Comoros,2002,44.8,558923
COM,Comoros,2003,46.5,569798
COM,Comoros,2004,48.7,580704
COM,Comoros,2005,51.0,592677
COM,Comoros,2006,53.2,604753
COM,Comoros,2007,55.5,616927
COM,Comoros,2008,57.8,629307
COM,Comoros,2009,60.1,641947
COM,Comoros,2010,69.7,654836
COM,Comoros,2011,69.3,668056
COM,Comoros,2012,69.3,681630
COM,Comoros,2013,69.4,696192
COM,Comoros,2014,71.8,711503
COM,Comoros,2015,74.1,726682
COM,Comoros,2016,76.4,741741
COM,Comoros,2017,78.7,756669
COM,Comoros,2018,81.0,771590
COM,Comoros,2019,83.3,786578
COM,Comoros,2020,85.6,802163
COM,Comoros,2021,87.9,818174
COM,Comoros,2022,89.9,834188
COM,Comoros,2023,89.8,850387
COM,Comoros,2024,91.7,866628
CPV,Cabo Verde,2000,58.6,453317
CPV,Cabo Verde,2001,60.3,460293
CPV,Cabo Verde,2002,58.6,467046
CPV,Cabo Verde,2003,63.7,473383
CPV,Cabo Verde,2004,65.4,479370
CPV,Cabo Verde,2005,67.0,485115
CPV,Cabo Verde,2006,68.8,490728
CPV,Cabo Verde,2007,70.5,496190
CPV,Cabo Verde,2008,72.3,501355
CPV,Cabo Verde,2009,74.1,506141
CPV,Cabo Verde,2010,81.1,509784
CPV,Cabo Verde,2011,82.3,511447
CPV,Cabo Verde,2012,83.2,511955
CPV,Cabo Verde,2013,84.3,512225
CPV,Cabo Verde,2014,85.3,512326
CPV,Cabo Verde,2015,86.4,512394
CPV,Cabo Verde,2016,87.5,512554
CPV,Cabo Verde,2017,88.6,512893
CPV,Cabo Verde,2018,90.2,513415
CPV,Cabo Verde,2019,91.4,514104
CPV,Cabo Verde,2020,93.7,514679
CPV,Cabo Verde,2021,95.5,516649
CPV,Cabo Verde,2022,97.1,519741
CPV,Cabo Verde,2023,98.6,522331
CPV,Cabo Verde,2024,98.4,524877
CRI,Costa Rica,2000,96.9,3937739
CRI,Costa Rica,2001,98.2,4008947
CRI,Costa Rica,2002,98.5,4075705
CRI,Costa Rica,2003,98.7,4138784
CRI,Costa Rica,2004,99.0,4200078
CRI,Costa Rica,2005,99.1,4261240
CRI,Costa Rica,2006,99.1,4321340
CRI,Costa Rica,2007,99.2,4380248
CRI,Costa Rica,2008,99.3,4440056
CRI,Costa Rica,2009,99.4,4499791
CRI,Costa Rica,2010,99.0,4555962
CRI,Costa Rica,2011,99.2,4609833
CRI,Costa Rica,2012,99.5,4663934
CRI,Costa Rica,2013,99.6,4716147
CRI,Costa Rica,2014,99.4,4767119
CRI,Costa Rica,2015,99.4,4818038
CRI,Costa Rica,2016,99.5,4866998
CRI,Costa Rica,2017,99.6,4913177
CRI,Costa Rica,2018,99.7,4957818
CRI,Costa Rica,2019,99.7,4999553
CRI,Costa Rica,2020,99.9,5034320
CRI,Costa Rica,2021,100.0,5059988
CRI,Costa Rica,2022,100.0,5081765
CRI,Costa Rica,2023,100.0,5105525
CRI,Costa Rica,2024,99.8,5129910
CSS,Caribbean small states,2000,88.4159289818663,3956229
CSS,Caribbean small states,2001,90.4855336740834,3987087
CSS,Caribbean small states,2002,90.809112704402,4018796
CSS,Caribbean small states,2003,91.0018718387357,4050990
CSS,Caribbean small states,2004,91.2894647290611,4080569
CSS,Caribbean small states,2005,90.8157874812197,4049468
CSS,Caribbean small states,2006,91.9463978625702,4072929
CSS,Caribbean small states,2007,93.0816054727479,4098855
CSS,Caribbean small states,2008,93.4441294061575,4124966
CSS,Caribbean small states,2009,92.9152943922676,4146899
CSS,Caribbean small states,2010,94.1815124594599,4173335
CSS,Caribbean small states,2011,94.1276818467132,4201107
CSS,Caribbean small states,2012,95.2543113839721,4228445
CSS,Caribbean small states,2013,95.5637395418446,4257682
CSS,Caribbean small states,2014,95.8432196458407,4286546
CSS,Caribbean small states,2015,96.2001948453372,4314191
CSS,Caribbean small states,2016,96.6656867832991,4341333
CSS,Caribbean small states,2017,97.0542900594117,4366140
CSS,Caribbean small states,2018,97.0878277080481,4407658
CSS,Caribbean small states,2019,97.3685903913769,4443134
CSS,Caribbean small states,2020,97.9333626877032,4459302
CSS,Caribbean small states,2021,98.1746990902549,4479167
CSS,Caribbean small states,2022,98.3064221501297,4497310
CSS,Caribbean small states,2023,99.168477538461,4519904
CSS,Caribbean small states,2024,98.4281812533873,4539060
CUB,Cuba,2000,97.0,11109109
CUB,Cuba,2001,96.2,11144132
CUB,Cuba,2002,95.5,11177418
CUB,Cuba,2003,96.5,11209383
CUB,Cuba,2004,96.6,11238756
CUB,Cuba,2005,96.8,11262554
CUB,Cuba,2006,96.9,11278550
CUB,Cuba,2007,97.1,11287272
CUB,Cuba,2008,97.3,11291762
CUB,Cuba,2009,97.6,11294719
CUB,Cuba,2010,97.8,11297409
CUB,Cuba,2011,98.0,11301571
CUB,Cuba,2012,98.3,11303175
CUB,Cuba,2013,98.5,11298167
CUB,Cuba,2014,98.7,11285775
CUB,Cuba,2015,99.0,11275065
CUB,Cuba,2016,99.2,11265612
CUB,Cuba,2017,99.4,11247829
CUB,Cuba,2018,99.6,11227118
CUB,Cuba,2019,99.8,11202846
CUB,Cuba,2020,99.9,11176354
CUB,Cuba,2021,100.0,11122168
CUB,Cuba,2022,100.0,11059820
CUB,Cuba,2023,100.0,11019931
CUB,Cuba,2024,100.0,10979783
CUW,Curacao,2000,100.0,133860
CUW,Curacao,2001,99.9,129047
CUW,Curacao,2002,99.9,129205
CUW,Curacao,2003,99.8,131897
CUW,Curacao,2004,99.8,134192
CUW,Curacao,2005,99.7,137658
CUW,Curacao,2006,99.7,141239
CUW,Curacao,2007,99.7,144056
CUW,Curacao,2008,99.7,145880
CUW,Curacao,2009,99.7,146833
CUW,Curacao,2010,100.0,148703
CUW,Curacao,2011,100.0,150831
CUW,Curacao,2012,100.0,152088
CUW,Curacao,2013,100.0,153822
CUW,Curacao,2014,100.0,155909
CUW,Curacao,2015,100.0,157980
CUW,Curacao,2016,100.0,159664
CUW,Curacao,2017,100.0,160175
CUW,Curacao,2018,100.0,159336
CUW,Curacao,2019,100.0,157441
CUW,Curacao,2020,100.0,155482
CUW,Curacao,2021,100.0,153948
CUW,Curacao,2022,100.0,153321
CUW,Curacao,2023,100.0,154654
CUW,Curacao,2024,100.0,155967
CYM,Cayman Islands,2000,100.0,39674
CYM,Cayman Islands,2001,100.0,41089
CYM,Cayman Islands,2002,100.0,42514
CYM,Cayman Islands,2003,100.0,43934
CYM,Cayman Islands,2004,100.0,45352
CYM,Cayman Islands,2005,100.0,46788
CYM,Cayman Islands,2006,100.0,48232
CYM,Cayman Islands,2007,100.0,49687
CYM,Cayman Islands,2008,100.0,51151
CYM,Cayman Islands,2009,100.0,52618
CYM,Cayman Islands,2010,100.0,54099
CYM,Cayman Islands,2011,100.0,55606
CYM,Cayman Islands,2012,100.0,57136
CYM,Cayman Islands,2013,100.0,58655
CYM,Cayman Islands,2014,100.0,60160
CYM,Cayman Islands,2015,100.0,61642
CYM,Cayman Islands,2016,100.0,63100
CYM,Cayman Islands,2017,100.0,64535
CYM,Cayman Islands,2018,100.0,65941
CYM,Cayman Islands,2019,100.0,67327
CYM,Cayman Islands,2020,100.0,68684
CYM,Cayman Islands,2021,100.0,70108
CYM,Cayman Islands,2022,100.0,71591
CYM,Cayman Islands,2023,100.0,73038
CYM,Cayman Islands,2024,100.0,74457
CYP,Cyprus,2000,100.0,947667
CYP,Cyprus,2001,100.0,964127
CYP,Cyprus,2002,100.0,981440
CYP,Cyprus,2003,100.0,999590
CYP,Cyprus,2004,100.0,1017875
CYP,Cyprus,2005,100.0,1036151
CYP,Cyprus,2006,100.0,1054418
CYP,Cyprus,2007,100.0,1072714
CYP,Cyprus,2008,100.0,1091026
CYP,Cyprus,2009,100.0,1109371
CYP,Cyprus,2010,100.0,1127816
CYP,Cyprus,2011,100.0,1146493
CYP,Cyprus,2012,100.0,1165397
CYP,Cyprus,2013,100.0,1183895
CYP,Cyprus,2014,100.0,1201801
CYP,Cyprus,2015,100.0,1219502
CYP,Cyprus,2016,100.0,1237112
CYP,Cyprus,2017,100.0,1254275
CYP,Cyprus,2018,100.0,1270737
CYP,Cyprus,2019,100.0,1286671
CYP,Cyprus,2020,100.0,1302247
CYP,Cyprus,2021,100.0,1317309
CYP,Cyprus,2022,100.0,1331370
CYP,Cyprus,2023,100.0,1344976
CYP,Cyprus,2024,100.0,1358282
CZE,Czechia,2000,100.0,10255063
CZE,Czechia,2001,100.0,10216605
CZE,Czechia,2002,100.0,10196916
CZE,Czechia,2003,100.0,10193998
CZE,Czechia,2004,100.0,10197101
CZE,Czechia,2005,100.0,10211216
CZE,Czechia,2006,100.0,10238905
CZE,Czechia,2007,100.0,10298828
CZE,Czechia,2008,100.0,10384603
CZE,Czechia,2009,100.0,10443936
CZE,Czechia,2010,100.0,10474410
CZE,Czechia,2011,100.0,10496088
CZE,Czechia,2012,100.0,10510785
CZE,Czechia,2013,100.0,10514272
CZE,Czechia,2014,100.0,10525347
CZE,Czechia,2015,100.0,10546059
CZE,Czechia,2016,100.0,10566332
CZE,Czechia,2017,100.0,10594438
CZE,Czechia,2018,100.0,10629928
CZE,Czechia,2019,100.0,10671870
CZE,Czechia,2020,100.0,10697858
CZE,Czechia,2021,100.0,10505772
CZE,Czechia,2022,100.0,10672118
CZE,Czechia,2023,100.0,10864042
CZE,Czechia,2024,100.0,10905028
DEU,Germany,2000,100.0,82211508
DEU,Germany,2001,100.0,82349925
DEU,Germany,2002,100.0,82488495
DEU,Germany,2003,100.0,82534176
DEU,Germany,2004,100.0,82516260
DEU,Germany,2005,100.0,82469422
DEU,Germany,2006,100.0,82376451
DEU,Germany,2007,100.0,82266372
DEU,Germany,2008,100.0,82110097
DEU,Germany,2009,100.0,81902307
DEU,Germany,2010,100.0,81776930
DEU,Germany,2011,100.0,80274983
DEU,Germany,2012,100.0,80425823
DEU,Germany,2013,100.0,80645605
DEU,Germany,2014,100.0,80982500
DEU,Germany,2015,100.0,81686611
DEU,Germany,2016,100.0,82348669
DEU,Germany,2017,100.0,82657002
DEU,Germany,2018,100.0,82905782
DEU,Germany,2019,100.0,83092962
DEU,Germany,2020,100.0,83160871
DEU,Germany,2021,100.0,83196078
DEU,Germany,2022,100.0,83177813
DEU,Germany,2023,100.0,83287273
DEU,Germany,2024,100.0,83516593
DJI,Djibouti,2000,56.0,747318
DJI,Djibouti,2001,56.1,771313
DJI,Djibouti,2002,49.7,795574
DJI,Djibouti,2003,56.4,813519
DJI,Djibouti,2004,56.6,826124
DJI,Djibouti,2005,56.8,839167
DJI,Djibouti,2006,55.5,855764
DJI,Djibouti,2007,57.2,874528
DJI,Djibouti,2008,57.4,892734
DJI,Djibouti,2009,57.6,911527
DJI,Djibouti,2010,57.9,930251
DJI,Djibouti,2011,58.1,948558
DJI,Djibouti,2012,54.6,966747
DJI,Djibouti,2013,58.6,984824
DJI,Djibouti,2014,58.9,1002717
DJI,Djibouti,2015,59.1,1020313
DJI,Djibouti,2016,59.8,1037653
DJI,Djibouti,2017,60.2,1054841
DJI,Djibouti,2018,62.4,1071882
DJI,Djibouti,2019,64.7,1088709
DJI,Djibouti,2020,64.5,1105188
DJI,Djibouti,2021,65.4,1121248
DJI,Djibouti,2022,65.0,1137096
DJI,Djibouti,2023,65.2,1152944
DJI,Djibouti,2024,69.2,1168722
DMA,Dominica,2000,81.1,68511
DMA,Dominica,2001,82.1,68288
DMA,Dominica,2002,87.7,68367
DMA,Dominica,2003,84.0,68531
DMA,Dominica,2004,85.0,68649
DMA,Dominica,2005,86.0,68734
DMA,Dominica,2006,87.0,68806
DMA,Dominica,2007,88.1,68847
DMA,Dominica,2008,90.9,68854
DMA,Dominica,2009,90.2,68864
DMA,Dominica,2010,91.3,68859
DMA,Dominica,2011,90.1,69053
DMA,Dominica,2012,93.5,69118
DMA,Dominica,2013,94.6,69715
DMA,Dominica,2014,95.7,70373
DMA,Dominica,2015,96.7,70410
DMA,Dominica,2016,97.8,69606
DMA,Dominica,2017,98.9,68496
DMA,Dominica,2018,99.6,68174
DMA,Dominica,2019,99.9,67880
DMA,Dominica,2020,100.0,67573
DMA,Dominica,2021,100.0,67202
DMA,Dominica,2022,100.0,66826
DMA,Dominica,2023,100.0,66510
DMA,Dominica,2024,100.0,66205
DNK,Denmark,2000,100.0,5339616
DNK,Denmark,2001,100.0,5358783
DNK,Denmark,2002,100.0,5375931
DNK,Denmark,2003,100.0,5390574
DNK,Denmark,2004,100.0,5404523
DNK,Denmark,2005,100.0,5419432
DNK,Denmark,2006,100.0,5437272
DNK,Denmark,2007,100.0,5461438
DNK,Denmark,2008,100.0,5493621
DNK,Denmark,2009,100.0,5523095
DNK,Denmark,2010,100.0,5547683
DNK,Denmark,2011,100.0,5570572
DNK,Denmark,2012,100.0,5591572
DNK,Denmark,2013,100.0,5614932
DNK,Denmark,2014,100.0,5643475
DNK,Denmark,2015,100.0,5683483
DNK,Denmark,2016,100.0,5728010
DNK,Denmark,2017,100.0,5764980
DNK,Denmark,2018,100.0,5793636
DNK,Denmark,2019,100.0,5814422
DNK,Denmark,2020,100.0,5831404
DNK,Denmark,2021,100.0,5856733
DNK,Denmark,2022,100.0,5903037
DNK,Denmark,2023,100.0,5946952
DNK,Denmark,2024,100.0,5976992
DOM,Dominican Republic,2000,88.8,8584190
DOM,Dominican Republic,2001,89.8,8720283
DOM,Dominican Republic,2002,89.7,8852235
DOM,Dominican Republic,2003,89.2,8980620
DOM,Dominican Republic,2004,90.3,9104892
DOM,Dominican Republic,2005,90.1,9225034
DOM,Dominican Republic,2006,90.1,9341183
DOM,Dominican Republic,2007,96.9,9455658
DOM,Dominican Republic,2008,97.6,9573130
DOM,Dominican Republic,2009,97.9,9695265
DOM,Dominican Republic,2010,98.1,9820175
DOM,Dominican Republic,2011,97.9,9945621
DOM,Dominican Republic,2012,97.9,10070411
DOM,Dominican Republic,2013,98.4,10193833
DOM,Dominican Republic,2014,98.5,10315528
DOM,Dominican Republic,2015,98.6,10434829
DOM,Dominican Republic,2016,98.9,10551430
DOM,Dominican Republic,2017,100.0,10666843
DOM,Dominican Republic,2018,98.9,10782053
DOM,Dominican Republic,2019,99.0,10894043
DOM,Dominican Republic,2020,100.0,11008300
DOM,Dominican Republic,2021,98.1,11123476
DOM,Dominican Republic,2022,98.1,11230734
DOM,Dominican Republic,2023,99.6,11331265
DOM,Dominican Republic,2024,99.5,11427557
DZA,Algeria,2000,98.6,30903893
DZA,Algeria,2001,98.6,31331221
DZA,Algeria,2002,98.6,31750835
DZA,Algeria,2003,98.6,32175818
DZA,Algeria,2004,98.6,32628286
DZA,Algeria,2005,98.6,33109249
DZA,Algeria,2006,98.7,33623506
DZA,Algeria,2007,98.7,34189416
DZA,Algeria,2008,99.3,34816961
DZA,Algeria,2009,98.8,35490445
DZA,Algeria,2010,98.9,36188236
DZA,Algeria,2011,99.0,36903376
DZA,Algeria,2012,98.8,37646166
DZA,Algeria,2013,99.2,38414171
DZA,Algeria,2014,99.3,39205031
DZA,Algeria,2015,99.4,40019529
DZA,Algeria,2016,99.4,40850721
DZA,Algeria,2017,99.5,41689299
DZA,Algeria,2018,99.6,42505035
DZA,Algeria,2019,99.5,43294546
DZA,Algeria,2020,99.7,44042091
DZA,Algeria,2021,99.8,44761099
DZA,Algeria,2022,100.0,45477389
DZA,Algeria,2023,100.0,46164219
DZA,Algeria,2024,100.0,46814308
EAP,East Asia & Pacific (excluding high income),2000,91.138144466845,1819011507
EAP,East Asia & Pacific (excluding high income),2001,91.6798073934452,1836260943
EAP,East Asia & Pacific (excluding high income),2002,92.1532731163709,1852659155
EAP,East Asia & Pacific (excluding high income),2003,92.3780477719541,1868409996
EAP,East Asia & Pacific (excluding high income),2004,93.2660680387974,1883675167
EAP,East Asia & Pacific (excluding high income),2005,92.8453003628586,1898853723
EAP,East Asia & Pacific (excluding high income),2006,94.0414555134156,1914002124
EAP,East Asia & Pacific (excluding high income),2007,94.0513892360771,1929185103
EAP,East Asia & Pacific (excluding high income),2008,94.6719310490636,1944305887
EAP,East Asia & Pacific (excluding high income),2009,94.4276339127764,1959017463
EAP,East Asia & Pacific (excluding high income),2010,95.0553706554353,1973602166
EAP,East Asia & Pacific (excluding high income),2011,95.5816815305151,1989106668
EAP,East Asia & Pacific (excluding high income),2012,95.7951654492221,2006566431
EAP,East Asia & Pacific (excluding high income),2013,96.0928535168264,2023850158
EAP,East Asia & Pacific (excluding high income),2014,96.2740993565598,2040383789
EAP,East Asia & Pacific (excluding high income),2015,96.621825072807,2056050896
EAP,East Asia & Pacific (excluding high income),2016,96.7165341917277,2071486140
EAP,East Asia & Pacific (excluding high income),2017,97.4453072983769,2087238522
EAP,East Asia & Pacific (excluding high income),2018,97.4123829747175,2100698838
EAP,East Asia & Pacific (excluding high income),2019,97.6371958731303,2112289891
EAP,East Asia & Pacific (excluding high income),2020,97.5651849682476,2121866294
EAP,East Asia & Pacific (excluding high income),2021,97.9599209910295,2128553744
EAP,East Asia & Pacific (excluding high income),2022,98.029656910797,2133560408
EAP,East Asia & Pacific (excluding high income),2023,98.2376383007189,2137527754
EAP,East Asia & Pacific (excluding high income),2024,98.409299927655,2141122258
EAR,Early-demographic dividend,2000,67.500464830785,2509431470
EAR,Early-demographic dividend,2001,68.2577741474039,2556335424
EAR,Early-demographic dividend,2002,69.1513339520849,2601917557
EAR,Early-demographic dividend,2003,70.8824068395399,2647109296
EAR,Early-demographic dividend,2004,71.1114199587976,2693184997
EAR,Early-demographic dividend,2005,72.7499610041183,2738846905
EAR,Early-demographic dividend,2006,73.7999828808332,2784726644
EAR,Early-demographic dividend,2007,75.6550383386468,2830531957
EAR,Early-demographic dividend,2008,77.4007795197428,2875943965
EAR,Early-demographic dividend,2009,78.2884199644018,2921563644
EAR,Early-demographic dividend,2010,79.3900672195475,2967104472
EAR,Early-demographic dividend,2011,81.1499828644284,3013476947
EAR,Early-demographic dividend,2012,82.0524632421742,3058869436
EAR,Early-demographic dividend,2013,83.7993125754694,3103677284
EAR,Early-demographic dividend,2014,84.7520088398511,3146800078
EAR,Early-demographic dividend,2015,86.8271544642577,3190318707
EAR,Early-demographic dividend,2016,88.3494481253503,3233033717
EAR,Early-demographic dividend,2017,90.5086728796454,3274060446
EAR,Early-demographic dividend,2018,91.9927109222765,3314245247
EAR,Early-demographic dividend,2019,92.7895334479975,3355014793
EAR,Early-demographic dividend,2020,93.4552643956364,3396051187
EAR,Early-demographic dividend,2021,95.2423338887017,3432026092
EAR,Early-demographic dividend,2022,95.1445282423272,3470644834
EAR,Early-demographic dividend,2023,95.7044381043822,3511607650
EAR,Early-demographic dividend,2024,96.0905949050278,3552306404
EAS,East Asia & Pacific,2000,92.0618144338661,2050149617
EAS,East Asia & Pacific,2001,92.5437982270478,2068682053
EAS,East Asia & Pacific,2002,92.9648557230822,2086144389
EAS,East Asia & Pacific,2003,93.1629584469729,2102761941
EAS,East Asia & Pacific,2004,93.9563207271355,2118747885
EAS,East Asia & Pacific,2005,93.575146301846,2134573057
EAS,East Asia & Pacific,2006,94.6471577043934,2150688938
EAS,East Asia & Pacific,2007,94.6545403732641,2167046538
EAS,East Asia & Pacific,2008,95.2110838673573,2183472438
EAS,East Asia & Pacific,2009,94.9833280630479,2199148703
EAS,East Asia & Pacific,2010,95.5468324754052,2214613815
EAS,East Asia & Pacific,2011,96.0189473952987,2230826576
EAS,East Asia & Pacific,2012,96.2092457835614,2249081393
EAS,East Asia & Pacific,2013,96.4756466990083,2267072102
EAS,East Asia & Pacific,2014,96.6375595761929,2284385542
EAS,East Asia & Pacific,2015,96.9500599621312,2300844269
EAS,East Asia & Pacific,2016,97.0343965831866,2317076058
EAS,East Asia & Pacific,2017,97.6915359289014,2333475520
EAS,East Asia & Pacific,2018,97.66096406877,2347576325
EAS,East Asia & Pacific,2019,97.8635835308099,2359762190
EAS,East Asia & Pacific,2020,97.7976042617313,2369420882
EAS,East Asia & Pacific,2021,98.1534049450822,2375117716
EAS,East Asia & Pacific,2022,98.2159746947416,2379617118
EAS,East Asia & Pacific,2023,98.4044624957692,2384441485
EAS,East Asia & Pacific,2024,98.5597948238034,2388319468
ECA,Europe & Central Asia (excluding high income),2000,99.0003702745063,218486598
ECA,Europe & Central Asia (excluding high income),2001,99.0705244325315,219435056
ECA,Europe & Central Asia (excluding high income),2002,99.1500165934793,220400259
ECA,Europe & Central Asia (excluding high income),2003,99.1484918236264,221399692
ECA,Europe & Central Asia (excluding high income),2004,99.1355245420636,222413290
ECA,Europe & Central Asia (excluding high income),2005,99.2594569491161,223360135
ECA,Europe & Central Asia (excluding high income),2006,99.2193080062367,224417513
ECA,Europe & Central Asia (excluding high income),2007,99.3389908321698,225016072
ECA,Europe & Central Asia (excluding high income),2008,99.3776072797545,226524480
ECA,Europe & Central Asia (excluding high income),2009,99.4485621601137,228250911
ECA,Europe & Central Asia (excluding high income),2010,99.6086224547018,230106440
ECA,Europe & Central Asia (excluding high income),2011,99.6174754229201,231988438
ECA,Europe & Central Asia (excluding high income),2012,99.6946321116736,233875199
ECA,Europe & Central Asia (excluding high income),2013,99.728652515568,235905150
ECA,Europe & Central Asia (excluding high income),2014,99.7847724120664,237999321
ECA,Europe & Central Asia (excluding high income),2015,99.7676589877916,240083379
ECA,Europe & Central Asia (excluding high income),2016,99.8659600305289,242224182
ECA,Europe & Central Asia (excluding high income),2017,99.9182925529991,244308649
ECA,Europe & Central Asia (excluding high income),2018,99.9420709286304,246400484
ECA,Europe & Central Asia (excluding high income),2019,99.9657744725899,248576676
ECA,Europe & Central Asia (excluding high income),2020,99.9774302018769,250351240
ECA,Europe & Central Asia (excluding high income),2021,99.9616464835516,251867727
ECA,Europe & Central Asia (excluding high income),2022,99.9915875475848,250514347
ECA,Europe & Central Asia (excluding high income),2023,100.0,248718948
ECA,Europe & Central Asia (excluding high income),2024,99.9957431987505,250394482
ECS,Europe & Central Asia,2000,99.1153070613535,865392479
ECS,Europe & Central Asia,2001,99.1655507745026,866590696
ECS,Europe & Central Asia,2002,99.203941671041,868234843
ECS,Europe & Central Asia,2003,99.2130325995692,870529446
ECS,Europe & Central Asia,2004,99.2390073501008,873069464
ECS,Europe & Central Asia,2005,99.2799004349739,875563919
ECS,Europe & Central Asia,2006,99.3013594788162,878166933
ECS,Europe & Central Asia,2007,99.3630803564705,880656346
ECS,Europe & Central Asia,2008,99.4080961406283,884224673
ECS,Europe & Central Asia,2009,99.4661685760631,887741127
ECS,Europe & Central Asia,2010,99.6654425122864,890990370
ECS,Europe & Central Asia,2011,99.6639027642905,893009594
ECS,Europe & Central Asia,2012,99.8281916226235,896514509
ECS,Europe & Central Asia,2013,99.8495212049653,899906171
ECS,Europe & Central Asia,2014,99.8761369699366,903560070
ECS,Europe & Central Asia,2015,99.1677793396088,907526485
ECS,Europe & Central Asia,2016,99.8289900286233,911578015
ECS,Europe & Central Asia,2017,99.96414862519,915063823
ECS,Europe & Central Asia,2018,99.9707746763569,918415818
ECS,Europe & Central Asia,2019,99.9534522262568,921929161
ECS,Europe & Central Asia,2020,99.9760273251971,923660463
ECS,Europe & Central Asia,2021,99.9881930522021,924375980
ECS,Europe & Central Asia,2022,99.997731634024,924267385
ECS,Europe & Central Asia,2023,100.0,924805070
ECS,Europe & Central Asia,2024,99.998857471373,928566925
ECU,Ecuador,2000,93.7,12689206
ECU,Ecuador,2001,94.0,12910740
ECU,Ecuador,2002,94.2,13138472
ECU,Ecuador,2003,95.0,13372306
ECU,Ecuador,2004,94.8,13608701
ECU,Ecuador,2005,95.8,13846163
ECU,Ecuador,2006,96.3,14086131
ECU,Ecuador,2007,96.8,14328773
ECU,Ecuador,2008,97.2,14575202
ECU,Ecuador,2009,96.5,14825954
ECU,Ecuador,2010,97.5,15076695
ECU,Ecuador,2011,96.9,15326227
ECU,Ecuador,2012,97.2,15572194
ECU,Ecuador,2013,98.0,15807128
ECU,Ecuador,2014,99.0,16035124
ECU,Ecuador,2015,98.8,16266225
ECU,Ecuador,2016,98.7,16505139
ECU,Ecuador,2017,99.2,16759519
ECU,Ecuador,2018,98.7,17049547
ECU,Ecuador,2019,99.1,17340021
ECU,Ecuador,2020,98.8,17546065
ECU,Ecuador,2021,100.0,17682454
ECU,Ecuador,2022,100.0,17823897
ECU,Ecuador,2023,98.7,17980083
ECU,Ecuador,2024,98.5,18135478
EGY,"Egypt, Arab Rep.",2000,97.7,73083284
EGY,"Egypt, Arab Rep.",2001,97.4,74652029
EGY,"Egypt, Arab Rep.",2002,97.5,76239137
EGY,"Egypt, Arab Rep.",2003,98.8,77853548
EGY,"Egypt, Arab Rep.",2004,97.8,79477443
EGY,"Egypt, Arab Rep.",2005,99.4,81101004
EGY,"Egypt, Arab Rep.",2006,99.0,82700403
EGY,"Egypt, Arab Rep.",2007,98.4,84276225
EGY,"Egypt, Arab Rep.",2008,99.8,85864789
EGY,"Egypt, Arab Rep.",2009,98.9,87501636
EGY,"Egypt, Arab Rep.",2010,99.4,89196072
EGY,"Egypt, Arab Rep.",2011,99.4,91093059
EGY,"Egypt, Arab Rep.",2012,99.7,93161001
EGY,"Egypt, Arab Rep.",2013,99.9,95333553
EGY,"Egypt, Arab Rep.",2014,99.8,97528654
EGY,"Egypt, Arab Rep.",2015,99.3,99597342
EGY,"Egypt, Arab Rep.",2016,100.0,101644589
EGY,"Egypt, Arab Rep.",2017,100.0,103696057
EGY,"Egypt, Arab Rep.",2018,100.0,105682094
EGY,"Egypt, Arab Rep.",2019,100.0,107553158
EGY,"Egypt, Arab Rep.",2020,100.0,109315124
EGY,"Egypt, Arab Rep.",2021,100.0,110957008
EGY,"Egypt, Arab Rep.",2022,100.0,112618250
EGY,"Egypt, Arab Rep.",2023,100.0,114535772
EGY,"Egypt, Arab Rep.",2024,100.0,116538258
EMU,Euro area,2000,99.7029236186249,333959803
EMU,Euro area,2001,99.7214642967914,334870337
EMU,Euro area,2002,99.7384741566317,336306839
EMU,Euro area,2003,99.753387835007,338061667
EMU,Euro area,2004,99.7659822778921,339856977
EMU,Euro area,2005,99.7785791255569,341556724
EMU,Euro area,2006,99.792661996831,343100724
EMU,Euro area,2007,99.808347463674,344828323
EMU,Euro area,2008,99.8260609152333,346471036
EMU,Euro area,2009,99.8433833887611,347581287
EMU,Euro area,2010,99.8581506439913,348398403
EMU,Euro area,2011,99.8715171269448,347715695
EMU,Euro area,2012,99.8888620012069,348406547
EMU,Euro area,2013,99.903520446207,348799535
EMU,Euro area,2014,99.916972608255,349302135
EMU,Euro area,2015,99.9321851559415,350164707
EMU,Euro area,2016,99.9469722581204,351027116
EMU,Euro area,2017,99.9632363837118,351613647
EMU,Euro area,2018,99.9752371882724,352303991
EMU,Euro area,2019,99.9850093995461,353113327
EMU,Euro area,2020,99.9944412898777,353536838
EMU,Euro area,2021,99.9963206008424,353715415
EMU,Euro area,2022,100.0,354666175
EMU,Euro area,2023,100.0,356209318
EMU,Euro area,2024,100.0,357603357
ERI,Eritrea,2000,29.3,2247031
ERI,Eritrea,2001,30.3,2312079
ERI,Eritrea,2002,32.2,2392978
ERI,Eritrea,2003,32.4,2493903
ERI,Eritrea,2004,33.4,2598284
ERI,Eritrea,2005,34.5,2661215
ERI,Eritrea,2006,35.6,2703502
ERI,Eritrea,2007,36.7,2743222
ERI,Eritrea,2008,37.8,2816327
ERI,Eritrea,2009,38.9,2887885
ERI,Eritrea,2010,40.1,2945186
ERI,Eritrea,2011,41.2,2998485
ERI,Eritrea,2012,42.3,3036988
ERI,Eritrea,2013,43.5,3074360
ERI,Eritrea,2014,44.6,3095173
ERI,Eritrea,2015,45.8,3105546
ERI,Eritrea,2016,46.9,3124698
ERI,Eritrea,2017,48.0,3150347
ERI,Eritrea,2018,49.1,3192760
ERI,Eritrea,2019,50.3,3240194
ERI,Eritrea,2020,51.4,3291271
ERI,Eritrea,2021,52.5,3350183
ERI,Eritrea,2022,55.4,3409447
ERI,Eritrea,2023,54.4,3470390
ERI,Eritrea,2024,55.3,3535603
ESP,Spain,2000,100.0,40567864
ESP,Spain,2001,100.0,40850412
ESP,Spain,2002,100.0,41431558
ESP,Spain,2003,100.0,42187645
ESP,Spain,2004,100.0,42921895
ESP,Spain,2005,100.0,43653155
ESP,Spain,2006,100.0,44397319
ESP,Spain,2007,100.0,45226803
ESP,Spain,2008,100.0,45954106
ESP,Spain,2009,100.0,46362946
ESP,Spain,2010,100.0,46576897
ESP,Spain,2011,100.0,46742697
ESP,Spain,2012,100.0,46773055
ESP,Spain,2013,100.0,46604197
ESP,Spain,2014,100.0,46460733
ESP,Spain,2015,100.0,46422303
ESP,Spain,2016,100.0,46458139
ESP,Spain,2017,100.0,46571232
ESP,Spain,2018,100.0,46782011
ESP,Spain,2019,100.0,47118501
ESP,Spain,2020,100.0,47359424
ESP,Spain,2021,100.0,47443821
ESP,Spain,2022,100.0,47786102
ESP,Spain,2023,100.0,48352528
ESP,Spain,2024,100.0,48848840
EST,Estonia,2000,100.0,1396985
EST,Estonia,2001,100.0,1388115
EST,Estonia,2002,100.0,1379350
EST,Estonia,2003,100.0,1370720
EST,Estonia,2004,100.0,1362550
EST,Estonia,2005,100.0,1354775
EST,Estonia,2006,100.0,1346810
EST,Estonia,2007,100.0,1340680
EST,Estonia,2008,100.0,1337090
EST,Estonia,2009,100.0,1334515
EST,Estonia,2010,100.0,1331475
EST,Estonia,2011,100.0,1327439
EST,Estonia,2012,100.0,1322696
EST,Estonia,2013,100.0,1317997
EST,Estonia,2014,100.0,1314545
EST,Estonia,2015,100.0,1315407
EST,Estonia,2016,100.0,1315790
EST,Estonia,2017,100.0,1317384
EST,Estonia,2018,100.0,1321977
EST,Estonia,2019,100.0,1326898
EST,Estonia,2020,100.0,1329522
EST,Estonia,2021,100.0,1330932
EST,Estonia,2022,100.0,1348840
EST,Estonia,2023,100.0,1370286
EST,Estonia,2024,100.0,1372341
ETH,Ethiopia,2000,12.7,67411494
ETH,Ethiopia,2001,10.2,69487762
ETH,Ethiopia,2002,11.9,71635517
ETH,Ethiopia,2003,13.5,73832663
ETH,Ethiopia,2004,15.2,76077206
ETH,Ethiopia,2005,14.0,78367470
ETH,Ethiopia,2006,18.6,80703490
ETH,Ethiopia,2007,20.3,83103217
ETH,Ethiopia,2008,22.0,85543668
ETH,Ethiopia,2009,23.7,88007636
ETH,Ethiopia,2010,25.5,90538514
ETH,Ethiopia,2011,23.0,93149970
ETH,Ethiopia,2012,29.0,95798767
ETH,Ethiopia,2013,30.8,98438751
ETH,Ethiopia,2014,27.2,101115610
ETH,Ethiopia,2015,29.0,103867135
ETH,Ethiopia,2016,42.9,106718162
ETH,Ethiopia,2017,44.3,109666481
ETH,Ethiopia,2018,44.8,112664152
ETH,Ethiopia,2019,48.0,115737383
ETH,Ethiopia,2020,51.1,118917671
ETH,Ethiopia,2021,54.2,122138588
ETH,Ethiopia,2022,55.0,125384287
ETH,Ethiopia,2023,55.4,128691692
ETH,Ethiopia,2024,56.6,132059767
EUU,European Union,2000,99.4761898580312,429339162
EUU,European Union,2001,99.5050444841847,429909307
EUU,European Union,2002,99.5387158579328,430924112
EUU,European Union,2003,99.5539907205916,432512916
EUU,European Union,2004,99.5758248331858,434193248
EUU,European Union,2005,99.5913707294114,435789139
EUU,European Union,2006,99.6188396472415,437263803
EUU,European Union,2007,99.6464075255034,438796003
EUU,European Union,2008,99.6825303996653,440270719
EUU,European Union,2009,99.7290075706151,441388573
EUU,European Union,2010,99.7553972530963,442088310
EUU,European Union,2011,99.7801178323542,441414078
EUU,European Union,2012,99.8125886995878,442069839
EUU,European Union,2013,99.8381173752727,442425741
EUU,European Union,2014,99.8626029552248,442920819
EUU,European Union,2015,99.8929116032593,443793218
EUU,European Union,2016,99.9182637194093,444676652
EUU,European Union,2017,99.9709724278479,445321060
EUU,European Union,2018,99.9717103637088,446058453
EUU,European Union,2019,99.9881556120147,446910453
EUU,European Union,2020,99.9956022901904,446870959
EUU,European Union,2021,99.997083420627,446228281
EUU,European Union,2022,100.0,447203596
EUU,European Union,2023,100.0,448897545
EUU,European Union,2024,100.0,450228188
FIN,Finland,2000,100.0,5176209
FIN,Finland,2001,100.0,5188008
FIN,Finland,2002,100.0,5200598
FIN,Finland,2003,100.0,5213014
FIN,Finland,2004,100.0,5228172
FIN,Finland,2005,100.0,5246096
FIN,Finland,2006,100.0,5266268
FIN,Finland,2007,100.0,5288720
FIN,Finland,2008,100.0,5313399
FIN,Finland,2009,100.0,5338871
FIN,Finland,2010,100.0,5363352
FIN,Finland,2011,100.0,5388272
FIN,Finland,2012,100.0,5413971
FIN,Finland,2013,100.0,5438972
FIN,Finland,2014,100.0,5461512
FIN,Finland,2015,100.0,5479531
FIN,Finland,2016,100.0,5495303
FIN,Finland,2017,100.0,5508214
FIN,Finland,2018,100.0,5515525
FIN,Finland,2019,100.0,5521606
FIN,Finland,2020,100.0,5529543
FIN,Finland,2021,100.0,5541017
FIN,Finland,2022,100.0,5556106
FIN,Finland,2023,100.0,5583911
FIN,Finland,2024,100.0,5619911
FJI,Fiji,2000,76.8,840909
FJI,Fiji,2001,77.7,849596
FJI,Fiji,2002,79.6,858049
FJI,Fiji,2003,80.0,866286
FJI,Fiji,2004,80.6,874366
FJI,Fiji,2005,81.6,882379
FJI,Fiji,2006,82.6,890365
FJI,Fiji,2007,88.9,897832
FJI,Fiji,2008,86.2,903399
FJI,Fiji,2009,85.6,907239
FJI,Fiji,2010,92.4,910419
FJI,Fiji,2011,92.5,912989
FJI,Fiji,2012,92.6,914918
FJI,Fiji,2013,91.8,916352
FJI,Fiji,2014,93.0,917585
FJI,Fiji,2015,93.2,918578
FJI,Fiji,2016,93.4,919166
FJI,Fiji,2017,96.0,918759
FJI,Fiji,2018,95.1,917180
FJI,Fiji,2019,96.1,914899
FJI,Fiji,2020,97.1,914963
FJI,Fiji,2021,92.1,916711
FJI,Fiji,2022,92.0,919422
FJI,Fiji,2023,99.3,924145
FJI,Fiji,2024,95.9,928784
FRA,France,2000,100.0,60918661
FRA,France,2001,100.0,61364377
FRA,France,2002,100.0,61812142
FRA,France,2003,100.0,62249855
FRA,France,2004,100.0,62707588
FRA,France,2005,100.0,63180854
FRA,France,2006,100.0,63622342
FRA,France,2007,100.0,64016890
FRA,France,2008,100.0,64375116
FRA,France,2009,100.0,64706436
FRA,France,2010,100.0,65026211
FRA,France,2011,100.0,65340830
FRA,France,2012,100.0,65657659
FRA,France,2013,100.0,65997932
FRA,France,2014,100.0,66312067
FRA,France,2015,100.0,66548272
FRA,France,2016,100.0,66724104
FRA,France,2017,100.0,66918020
FRA,France,2018,100.0,67158348
FRA,France,2019,100.0,67382061
FRA,France,2020,100.0,67601110
FRA,France,2021,100.0,67842811
FRA,France,2022,100.0,68184457
FRA,France,2023,100.0,68372286
FRA,France,2024,100.0,68551653
FRO,Faroe Islands,2000,100.0,45754
FRO,Faroe Islands,2001,100.0,46635
FRO,Faroe Islands,2002,100.0,47335
FRO,Faroe Islands,2003,100.0,48032
FRO,Faroe Islands,2004,100.0,48384
FRO,Faroe Islands,2005,100.0,48359
FRO,Faroe Islands,2006,100.0,48335
FRO,Faroe Islands,2007,100.0,48378
FRO,Faroe Islands,2008,100.0,48547
FRO,Faroe Islands,2009,100.0,48790
FRO,Faroe Islands,2010,100.0,48656
FRO,Faroe Islands,2011,100.0,48542
FRO,Faroe Islands,2012,100.0,48290
FRO,Faroe Islands,2013,100.0,48245
FRO,Faroe Islands,2014,100.0,48427
FRO,Faroe Islands,2015,100.0,48898
FRO,Faroe Islands,2016,100.0,49463
FRO,Faroe Islands,2017,100.0,50179
FRO,Faroe Islands,2018,100.0,50997
FRO,Faroe Islands,2019,100.0,51790
FRO,Faroe Islands,2020,100.0,52561
FRO,Faroe Islands,2021,100.0,53291
FRO,Faroe Islands,2022,100.0,53903
FRO,Faroe Islands,2023,100.0,54398
FRO,Faroe Islands,2024,100.0,54640
FSM,"Micronesia, Fed. Sts.",2000,46.0,112044
FSM,"Micronesia, Fed. Sts.",2001,48.4,112365
FSM,"Micronesia, Fed. Sts.",2002,50.1,112448
FSM,"Micronesia, Fed. Sts.",2003,51.8,112285
FSM,"Micronesia, Fed. Sts.",2004,53.5,111925
FSM,"Micronesia, Fed. Sts.",2005,55.2,111412
FSM,"Micronesia, Fed. Sts.",2006,57.0,110729
FSM,"Micronesia, Fed. Sts.",2007,58.7,109880
FSM,"Micronesia, Fed. Sts.",2008,60.5,108936
FSM,"Micronesia, Fed. Sts.",2009,62.2,107957
FSM,"Micronesia, Fed. Sts.",2010,64.5,107540
FSM,"Micronesia, Fed. Sts.",2011,66.3,107698
FSM,"Micronesia, Fed. Sts.",2012,67.8,107890
FSM,"Micronesia, Fed. Sts.",2013,69.4,108121
FSM,"Micronesia, Fed. Sts.",2014,71.2,108396
FSM,"Micronesia, Fed. Sts.",2015,73.0,108716
FSM,"Micronesia, Fed. Sts.",2016,74.8,109075
FSM,"Micronesia, Fed. Sts.",2017,76.5,109481
FSM,"Micronesia, Fed. Sts.",2018,78.3,109909
FSM,"Micronesia, Fed. Sts.",2019,80.1,110282
FSM,"Micronesia, Fed. Sts.",2020,81.9,110916
FSM,"Micronesia, Fed. Sts.",2021,83.6,111624
FSM,"Micronesia, Fed. Sts.",2022,85.3,112114
FSM,"Micronesia, Fed. Sts.",2023,86.9,112630
FSM,"Micronesia, Fed. Sts.",2024,88.9,113160
GAB,Gabon,2000,73.6,1275572
GAB,Gabon,2001,77.2,1309589
GAB,Gabon,2002,77.8,1345135
GAB,Gabon,2003,78.5,1382350
GAB,Gabon,2004,79.2,1421609
GAB,Gabon,2005,81.6,1463495
GAB,Gabon,2006,80.5,1508337
GAB,Gabon,2007,81.3,1556237
GAB,Gabon,2008,82.0,1607175
GAB,Gabon,2009,82.7,1661556
GAB,Gabon,2010,89.3,1719879
GAB,Gabon,2011,88.7,1781985
GAB,Gabon,2012,89.3,1846889
GAB,Gabon,2013,86.4,1913059
GAB,Gabon,2014,87.1,1978399
GAB,Gabon,2015,87.3,2040989
GAB,Gabon,2016,88.1,2100306
GAB,Gabon,2017,86.3,2156900
GAB,Gabon,2018,89.6,2212318
GAB,Gabon,2019,90.3,2267706
GAB,Gabon,2020,91.1,2322539
GAB,Gabon,2021,91.8,2376722
GAB,Gabon,2022,93.5,2430747
GAB,Gabon,2023,94.1,2484789
GAB,Gabon,2024,95.1,2538952
GBR,United Kingdom,2000,100.0,58892514
GBR,United Kingdom,2001,100.0,59119673
GBR,United Kingdom,2002,100.0,59370479
GBR,United Kingdom,2003,100.0,59647577
GBR,United Kingdom,2004,100.0,59987905
GBR,United Kingdom,2005,100.0,60401206
GBR,United Kingdom,2006,100.0,60846820
GBR,United Kingdom,2007,100.0,61322463
GBR,United Kingdom,2008,100.0,61806995
GBR,United Kingdom,2009,100.0,62276270
GBR,United Kingdom,2010,100.0,62766365
GBR,United Kingdom,2011,100.0,63258810
GBR,United Kingdom,2012,100.0,63711000
GBR,United Kingdom,2013,100.0,64138000
GBR,United Kingdom,2014,100.0,64619000
GBR,United Kingdom,2015,100.0,65087000
GBR,United Kingdom,2016,100.0,65606000
GBR,United Kingdom,2017,100.0,65964000
GBR,United Kingdom,2018,100.0,66287000
GBR,United Kingdom,2019,100.0,66628000
GBR,United Kingdom,2020,100.0,66740000
GBR,United Kingdom,2021,100.0,66978000
GBR,United Kingdom,2022,100.0,67636000
GBR,United Kingdom,2023,100.0,68526000
GBR,United Kingdom,2024,100.0,69281000
GEO,Georgia,2000,99.8,4077131
GEO,Georgia,2001,99.8,4014373
GEO,Georgia,2002,99.9,3978515
GEO,Georgia,2003,100.0,3951736
GEO,Georgia,2004,99.9,3927340
GEO,Georgia,2005,97.9,3902469
GEO,Georgia,2006,100.0,3880347
GEO,Georgia,2007,100.0,3860158
GEO,Georgia,2008,100.0,3848449
GEO,Georgia,2009,100.0,3814419
GEO,Georgia,2010,100.0,3786695
GEO,Georgia,2011,100.0,3756441
GEO,Georgia,2012,100.0,3728874
GEO,Georgia,2013,100.0,3717668
GEO,Georgia,2014,100.0,3719414
GEO,Georgia,2015,100.0,3725276
GEO,Georgia,2016,100.0,3727505
GEO,Georgia,2017,100.0,3728004
GEO,Georgia,2018,99.9,3726549
GEO,Georgia,2019,100.0,3720161
GEO,Georgia,2020,100.0,3722716
GEO,Georgia,2021,100.0,3708610
GEO,Georgia,2022,100.0,3712502
GEO,Georgia,2023,100.0,3715483
GEO,Georgia,2024,100.0,3812518
GHA,Ghana,2000,43.7,19637087
GHA,Ghana,2001,44.8,20167069
GHA,Ghana,2002,46.8,20729388
GHA,Ghana,2003,48.3,21296705
GHA,Ghana,2004,50.8,21868298
GHA,Ghana,2005,41.2,22449438
GHA,Ghana,2006,55.1,23040702
GHA,Ghana,2007,56.9,23642279
GHA,Ghana,2008,60.5,24249946
GHA,Ghana,2009,61.1,24862664
GHA,Ghana,2010,64.2,25474995
GHA,Ghana,2011,64.1,26095088
GHA,Ghana,2012,56.5,26734268
GHA,Ghana,2013,70.7,27386193
GHA,Ghana,2014,78.3,28041592
GHA,Ghana,2015,74.0,28696068
GHA,Ghana,2016,79.3,29356742
GHA,Ghana,2017,79.0,30008354
GHA,Ghana,2018,80.4,30637585
GHA,Ghana,2019,83.5,31258945
GHA,Ghana,2020,85.4,31887809
GHA,Ghana,2021,86.3,32518665
GHA,Ghana,2022,85.1,33149152
GHA,Ghana,2023,89.5,33787914
GHA,Ghana,2024,91.9,34427414
GIB,Gibraltar,2000,99.9,27709
GIB,Gibraltar,2001,99.9,27657
GIB,Gibraltar,2002,99.8,27831
GIB,Gibraltar,2003,99.8,28274
GIB,Gibraltar,2004,99.7,28715
GIB,Gibraltar,2005,99.7,29163
GIB,Gibraltar,2006,99.7,29594
GIB,Gibraltar,2007,99.7,30006
GIB,Gibraltar,2008,99.7,30413
GIB,Gibraltar,2009,100.0,30823
GIB,Gibraltar,2010,100.0,31248
GIB,Gibraltar,2011,99.8,31660
GIB,Gibraltar,2012,99.9,32029
GIB,Gibraltar,2013,99.9,32407
GIB,Gibraltar,2014,99.9,32813
GIB,Gibraltar,2015,100.0,33193
GIB,Gibraltar,2016,100.0,33658
GIB,Gibraltar,2017,100.0,34245
GIB,Gibraltar,2018,100.0,34854
GIB,Gibraltar,2019,100.0,35494
GIB,Gibraltar,2020,100.0,36173
GIB,Gibraltar,2021,100.0,36858
GIB,Gibraltar,2022,100.0,37609
GIB,Gibraltar,2023,100.0,38471
GIB,Gibraltar,2024,100.0,39329
GIN,Guinea,2000,15.2,8428832
GIN,Guinea,2001,16.4,8539960
GIN,Guinea,2002,17.7,8674066
GIN,Guinea,2003,18.9,8870781
GIN,Guinea,2004,20.2,9062726
GIN,Guinea,2005,20.2,9245844
GIN,Guinea,2006,22.8,9441171
GIN,Guinea,2007,24.1,9662281
GIN,Guinea,2008,25.4,9898870
GIN,Guinea,2009,26.7,10143534
GIN,Guinea,2010,28.1,10396086
GIN,Guinea,2011,29.5,10656810
GIN,Guinea,2012,26.2,10921581
GIN,Guinea,2013,32.2,11191873
GIN,Guinea,2014,33.5,11472924
GIN,Guinea,2015,34.9,11767070
GIN,Guinea,2016,33.5,12073030
GIN,Guinea,2017,35.4,12385659
GIN,Guinea,2018,45.0,12704774
GIN,Guinea,2019,42.2,13034346
GIN,Guinea,2020,44.7,13371183
GIN,Guinea,2021,46.8,13710513
GIN,Guinea,2022,47.7,14055137
GIN,Guinea,2023,51.1,14405468
GIN,Guinea,2024,53.8,14754785
GMB,"Gambia, The",2000,34.3,1455084
GMB,"Gambia, The",2001,29.9,1495011
GMB,"Gambia, The",2002,31.5,1535691
GMB,"Gambia, The",2003,27.8,1577611
GMB,"Gambia, The",2004,34.8,1621312
GMB,"Gambia, The",2005,30.5,1667037
GMB,"Gambia, The",2006,38.1,1715275
GMB,"Gambia, The",2007,39.8,1765774
GMB,"Gambia, The",2008,41.5,1817852
GMB,"Gambia, The",2009,43.2,1871422
GMB,"Gambia, The",2010,46.8,1926630
GMB,"Gambia, The",2011,48.3,1983784
GMB,"Gambia, The",2012,49.9,2043094
GMB,"Gambia, The",2013,51.5,2103820
GMB,"Gambia, The",2014,53.0,2164528
GMB,"Gambia, The",2015,54.7,2224529
GMB,"Gambia, The",2016,56.4,2283769
GMB,"Gambia, The",2017,56.2,2342189
GMB,"Gambia, The",2018,60.3,2399632
GMB,"Gambia, The",2019,62.1,2456844
GMB,"Gambia, The",2020,62.2,2515733
GMB,"Gambia, The",2021,63.7,2576010
GMB,"Gambia, The",2022,65.4,2636470
GMB,"Gambia, The",2023,66.9,2697845
GMB,"Gambia, The",2024,69.0,2759988
GNB,Guinea-Bissau,2000,,1234741
GNB,Guinea-Bissau,2001,,1261273
GNB,Guinea-Bissau,2002,1.3,1289307
GNB,Guinea-Bissau,2003,2.6,1318806
GNB,Guinea-Bissau,2004,3.9,1349563
GNB,Guinea-Bissau,2005,5.2,1381585
GNB,Guinea-Bissau,2006,14.5,1415303
GNB,Guinea-Bissau,2007,7.9,1450986
GNB,Guinea-Bissau,2008,9.3,1488054
GNB,Guinea-Bissau,2009,4.7,1526377
GNB,Guinea-Bissau,2010,6.0,1566347
GNB,Guinea-Bissau,2011,13.5,1608076
GNB,Guinea-Bissau,2012,14.9,1651417
GNB,Guinea-Bissau,2013,16.3,1695973
GNB,Guinea-Bissau,2014,17.2,1741122
GNB,Guinea-Bissau,2015,20.1,1786457
GNB,Guinea-Bissau,2016,22.9,1831893
GNB,Guinea-Bissau,2017,26.0,1877072
GNB,Guinea-Bissau,2018,28.4,1922168
GNB,Guinea-Bissau,2019,30.9,1967696
GNB,Guinea-Bissau,2020,33.4,2013255
GNB,Guinea-Bissau,2021,35.8,2058841
GNB,Guinea-Bissau,2022,37.4,2105529
GNB,Guinea-Bissau,2023,40.5,2153339
GNB,Guinea-Bissau,2024,43.7,2201352
GNQ,Equatorial Guinea,2000,64.8,703279
GNQ,Equatorial Guinea,2001,64.9,749836
GNQ,Equatorial Guinea,2002,64.9,797957
GNQ,Equatorial Guinea,2003,64.9,847862
GNQ,Equatorial Guinea,2004,64.9,899917
GNQ,Equatorial Guinea,2005,65.0,947367
GNQ,Equatorial Guinea,2006,65.1,990343
GNQ,Equatorial Guinea,2007,65.1,1036044
GNQ,Equatorial Guinea,2008,65.2,1084530
GNQ,Equatorial Guinea,2009,65.4,1135673
GNQ,Equatorial Guinea,2010,66.1,1189085
GNQ,Equatorial Guinea,2011,66.1,1241835
GNQ,Equatorial Guinea,2012,65.7,1293483
GNQ,Equatorial Guinea,2013,65.9,1346218
GNQ,Equatorial Guinea,2014,66.0,1399828
GNQ,Equatorial Guinea,2015,66.1,1453923
GNQ,Equatorial Guinea,2016,66.2,1508186
GNQ,Equatorial Guinea,2017,66.4,1562396
GNQ,Equatorial Guinea,2018,66.5,1616422
GNQ,Equatorial Guinea,2019,66.6,1670177
GNQ,Equatorial Guinea,2020,66.7,1716468
GNQ,Equatorial Guinea,2021,66.8,1758786
GNQ,Equatorial Guinea,2022,67.0,1803545
GNQ,Equatorial Guinea,2023,66.9,1847549
GNQ,Equatorial Guinea,2024,65.1,1892516
GRC,Greece,2000,100.0,10805808
GRC,Greece,2001,100.0,10862132
GRC,Greece,2002,100.0,10902022
GRC,Greece,2003,100.0,10928070
GRC,Greece,2004,100.0,10955141
GRC,Greece,2005,100.0,10987314
GRC,Greece,2006,100.0,11020362
GRC,Greece,2007,100.0,11048473
GRC,Greece,2008,100.0,11077841
GRC,Greece,2009,100.0,11107017
GRC,Greece,2010,100.0,11121341
GRC,Greece,2011,100.0,11104899
GRC,Greece,2012,100.0,11045011
GRC,Greece,2013,100.0,10965211
GRC,Greece,2014,100.0,10892413
GRC,Greece,2015,100.0,10820883
GRC,Greece,2016,100.0,10775971
GRC,Greece,2017,100.0,10754679
GRC,Greece,2018,100.0,10732882
GRC,Greece,2019,100.0,10721582
GRC,Greece,2020,100.0,10698599
GRC,Greece,2021,100.0,10570130
GRC,Greece,2022,100.0,10437805
GRC,Greece,2023,100.0,10407351
GRC,Greece,2024,100.0,10405134
GRD,Grenada,2000,86.0,107451
GRD,Grenada,2001,86.3,107987
GRD,Grenada,2002,86.6,108404
GRD,Grenada,2003,86.9,108884
GRD,Grenada,2004,87.2,109323
GRD,Grenada,2005,87.5,109734
GRD,Grenada,2006,87.9,110135
GRD,Grenada,2007,88.2,110522
GRD,Grenada,2008,90.0,110896
GRD,Grenada,2009,89.0,111254
GRD,Grenada,2010,89.4,111586
GRD,Grenada,2011,88.8,112079
GRD,Grenada,2012,90.2,112775
GRD,Grenada,2013,90.6,113487
GRD,Grenada,2014,91.0,114132
GRD,Grenada,2015,91.4,114676
GRD,Grenada,2016,91.8,115130
GRD,Grenada,2017,92.2,115438
GRD,Grenada,2018,92.3,115691
GRD,Grenada,2019,93.0,115981
GRD,Grenada,2020,93.4,116341
GRD,Grenada,2021,93.7,116688
GRD,Grenada,2022,94.2,116913
GRD,Grenada,2023,94.4,117081
GRD,Grenada,2024,95.6,117207
GRL,Greenland,2000,100.0,56185
GRL,Greenland,2001,100.0,56379
GRL,Greenland,2002,100.0,56595
GRL,Greenland,2003,100.0,56751
GRL,Greenland,2004,100.0,56898
GRL,Greenland,2005,100.0,56935
GRL,Greenland,2006,100.0,56775
GRL,Greenland,2007,100.0,56555
GRL,Greenland,2008,100.0,56328
GRL,Greenland,2009,100.0,56323
GRL,Greenland,2010,100.0,56534
GRL,Greenland,2011,100.0,56890
GRL,Greenland,2012,100.0,56810
GRL,Greenland,2013,100.0,56483
GRL,Greenland,2014,100.0,56295
GRL,Greenland,2015,100.0,56114
GRL,Greenland,2016,100.0,56186
GRL,Greenland,2017,100.0,56172
GRL,Greenland,2018,100.0,56023
GRL,Greenland,2019,100.0,56225
GRL,Greenland,2020,100.0,56367
GRL,Greenland,2021,100.0,56653
GRL,Greenland,2022,100.0,56661
GRL,Greenland,2023,100.0,56865
GRL,Greenland,2024,100.0,56836
GTM,Guatemala,2000,73.3,11697592
GTM,Guatemala,2001,73.7,11969422
GTM,Guatemala,2002,78.7,12246915
GTM,Guatemala,2003,78.5,12525842
GTM,Guatemala,2004,77.2,12807402
GTM,Guatemala,2005,78.3,13087629
GTM,Guatemala,2006,83.7,13367459
GTM,Guatemala,2007,80.7,13652040
GTM,Guatemala,2008,81.9,13935174
GTM,Guatemala,2009,83.1,14215611
GTM,Guatemala,2010,84.3,14500112
GTM,Guatemala,2011,84.0,14792126
GTM,Guatemala,2012,86.8,15089647
GTM,Guatemala,2013,88.1,15387337
GTM,Guatemala,2014,85.5,15681725
GTM,Guatemala,2015,90.5,15971743
GTM,Guatemala,2016,91.8,16268760
GTM,Guatemala,2017,93.3,16567357
GTM,Guatemala,2018,94.2,16845685
GTM,Guatemala,2019,95.4,17103803
GTM,Guatemala,2020,96.6,17357325
GTM,Guatemala,2021,97.9,17598650
GTM,Guatemala,2022,99.1,17847877
GTM,Guatemala,2023,100.0,18124838
GTM,Guatemala,2024,90.9,18406359
GUM,Guam,2000,100.0,160065
GUM,Guam,2001,100.0,161329
GUM,Guam,2002,100.0,162315
GUM,Guam,2003,100.0,163137
GUM,Guam,2004,100.0,163810
GUM,Guam,2005,100.0,164365
GUM,Guam,2006,100.0,164839
GUM,Guam,2007,100.0,165267
GUM,Guam,2008,100.0,165693
GUM,Guam,2009,100.0,166173
GUM,Guam,2010,100.0,166522
GUM,Guam,2011,100.0,166543
GUM,Guam,2012,100.0,166331
GUM,Guam,2013,100.0,165966
GUM,Guam,2014,100.0,165486
GUM,Guam,2015,100.0,164905
GUM,Guam,2016,100.0,164233
GUM,Guam,2017,100.0,163490
GUM,Guam,2018,100.0,162679
GUM,Guam,2019,100.0,161808
GUM,Guam,2020,100.0,162158
GUM,Guam,2021,100.0,163730
GUM,Guam,2022,100.0,165180
GUM,Guam,2023,100.0,166506
GUM,Guam,2024,100.0,167777
GUY,Guyana,2000,74.6,764832
GUY,Guyana,2001,75.1,764477
GUY,Guyana,2002,75.7,763652
GUY,Guyana,2003,76.2,763101
GUY,Guyana,2004,76.8,762418
GUY,Guyana,2005,77.5,760914
GUY,Guyana,2006,73.4,758966
GUY,Guyana,2007,78.5,756861
GUY,Guyana,2008,79.1,754606
GUY,Guyana,2009,77.6,752094
GUY,Guyana,2010,83.3,749256
GUY,Guyana,2011,84.2,746153
GUY,Guyana,2012,85.1,746288
GUY,Guyana,2013,86.0,750021
GUY,Guyana,2014,86.9,754229
GUY,Guyana,2015,88.0,758781
GUY,Guyana,2016,89.0,763548
GUY,Guyana,2017,90.0,768479
GUY,Guyana,2018,90.9,791556
GUY,Guyana,2019,91.6,807665
GUY,Guyana,2020,92.3,807481
GUY,Guyana,2021,92.9,815482
GUY,Guyana,2022,93.0,821637
GUY,Guyana,2023,98.9,826353
GUY,Guyana,2024,93.0,831087
HKG,"Hong Kong SAR, China",2000,100.0,6665000
HKG,"Hong Kong SAR, China",2001,100.0,6714300
HKG,"Hong Kong SAR, China",2002,100.0,6744100
HKG,"Hong Kong SAR, China",2003,100.0,6730800
HKG,"Hong Kong SAR, China",2004,100.0,6783500
HKG,"Hong Kong SAR, China",2005,100.0,6813200
HKG,"Hong Kong SAR, China",2006,100.0,6857100
HKG,"Hong Kong SAR, China",2007,100.0,6916300
HKG,"Hong Kong SAR, China",2008,100.0,6957800
HKG,"Hong Kong SAR, China",2009,100.0,6972800
HKG,"Hong Kong SAR, China",2010,100.0,7024200
HKG,"Hong Kong SAR, China",2011,100.0,7071600
HKG,"Hong Kong SAR, China",2012,100.0,7150100
HKG,"Hong Kong SAR, China",2013,100.0,7178900
HKG,"Hong Kong SAR, China",2014,100.0,7229500
HKG,"Hong Kong SAR, China",2015,100.0,7291300
HKG,"Hong Kong SAR, China",2016,100.0,7336600
HKG,"Hong Kong SAR, China",2017,100.0,7393200
HKG,"Hong Kong SAR, China",2018,100.0,7452600
HKG,"Hong Kong SAR, China",2019,100.0,7507900
HKG,"Hong Kong SAR, China",2020,100.0,7481000
HKG,"Hong Kong SAR, China",2021,100.0,7413100
HKG,"Hong Kong SAR, China",2022,100.0,7346100
HKG,"Hong Kong SAR, China",2023,100.0,7536100
HKG,"Hong Kong SAR, China",2024,100.0,7524100
HND,Honduras,2000,67.4,6577773
HND,Honduras,2001,64.2,6757993
HND,Honduras,2002,63.1,6938859
HND,Honduras,2003,65.1,7119213
HND,Honduras,2004,67.1,7298994
HND,Honduras,2005,68.9,7478355
HND,Honduras,2006,71.3,7656832
HND,Honduras,2007,73.5,7834798
HND,Honduras,2008,76.4,8012587
HND,Honduras,2009,78.3,8189899
HND,Honduras,2010,81.0,8365878
HND,Honduras,2011,82.2,8540583
HND,Honduras,2012,83.6,8715076
HND,Honduras,2013,87.2,8889278
HND,Honduras,2014,88.7,9063122
HND,Honduras,2015,90.0,9237305
HND,Honduras,2016,91.6,9412380
HND,Honduras,2017,86.5,9588137
HND,Honduras,2018,91.6,9765210
HND,Honduras,2019,91.1,9943633
HND,Honduras,2020,93.1,10119640
HND,Honduras,2021,94.1,10289877
HND,Honduras,2022,94.4,10463872
HND,Honduras,2023,95.6,10644851
HND,Honduras,2024,95.5,10825703
HPC,Heavily indebted poor countries (HIPC),2000,17.8250938838146,481628012
HPC,Heavily indebted poor countries (HIPC),2001,18.6965486516667,494824112
HPC,Heavily indebted poor countries (HIPC),2002,19.4021319433321,509293837
HPC,Heavily indebted poor countries (HIPC),2003,20.8706723986506,524375932
HPC,Heavily indebted poor countries (HIPC),2004,21.9171676595952,539388313
HPC,Heavily indebted poor countries (HIPC),2005,21.657755928402,554927452
HPC,Heavily indebted poor countries (HIPC),2006,24.2942555063766,571013586
HPC,Heavily indebted poor countries (HIPC),2007,25.8446432725443,586992483
HPC,Heavily indebted poor countries (HIPC),2008,25.7994487109563,603575028
HPC,Heavily indebted poor countries (HIPC),2009,27.0200867482177,620916734
HPC,Heavily indebted poor countries (HIPC),2010,28.6780800085282,638389596
HPC,Heavily indebted poor countries (HIPC),2011,29.1651687599528,656367599
HPC,Heavily indebted poor countries (HIPC),2012,31.8931961608523,674950539
HPC,Heavily indebted poor countries (HIPC),2013,32.8816239986801,694136340
HPC,Heavily indebted poor countries (HIPC),2014,35.3355389595465,714234635
HPC,Heavily indebted poor countries (HIPC),2015,35.4457879058715,734837721
HPC,Heavily indebted poor countries (HIPC),2016,40.5825141572233,756237630
HPC,Heavily indebted poor countries (HIPC),2017,41.4700007412761,778657210
HPC,Heavily indebted poor countries (HIPC),2018,43.9720388425801,801220102
HPC,Heavily indebted poor countries (HIPC),2019,45.014803870368,823805910
HPC,Heavily indebted poor countries (HIPC),2020,46.3325205711702,846861642
HPC,Heavily indebted poor countries (HIPC),2021,48.0116236625576,869987833
HPC,Heavily indebted poor countries (HIPC),2022,48.6044269308349,892885172
HPC,Heavily indebted poor countries (HIPC),2023,50.5208896795623,916223767
HPC,Heavily indebted poor countries (HIPC),2024,52.4769402918894,940304348
HRV,Croatia,2000,100.0,4468302
HRV,Croatia,2001,100.0,4299642
HRV,Croatia,2002,100.0,4302174
HRV,Croatia,2003,100.0,4303399
HRV,Croatia,2004,99.9,4304600
HRV,Croatia,2005,99.9,4310145
HRV,Croatia,2006,99.8,4311159
HRV,Croatia,2007,99.8,4310217
HRV,Croatia,2008,100.0,4309705
HRV,Croatia,2009,100.0,4305181
HRV,Croatia,2010,100.0,4295427
HRV,Croatia,2011,100.0,4280622
HRV,Croatia,2012,100.0,4260368
HRV,Croatia,2013,100.0,4233922
HRV,Croatia,2014,100.0,4201598
HRV,Croatia,2015,100.0,4151725
HRV,Croatia,2016,100.0,4106867
HRV,Croatia,2017,100.0,4041407
HRV,Croatia,2018,100.0,3988775
HRV,Croatia,2019,100.0,3949390
HRV,Croatia,2020,100.0,3914206
HRV,Croatia,2021,100.0,3878981
HRV,Croatia,2022,100.0,3855641
HRV,Croatia,2023,100.0,3859686
HRV,Croatia,2024,100.0,3866200
HTI,Haiti,2000,33.7,8303151
HTI,Haiti,2001,31.5,8455918
HTI,Haiti,2002,33.1,8607641
HTI,Haiti,2003,31.6,8759912
HTI,Haiti,2004,34.1,8910263
HTI,Haiti,2005,34.5,9061273
HTI,Haiti,2006,33.9,9216562
HTI,Haiti,2007,35.5,9373296
HTI,Haiti,2008,36.1,9530774
HTI,Haiti,2009,36.6,9689581
HTI,Haiti,2010,37.2,9803294
HTI,Haiti,2011,37.8,9914904
HTI,Haiti,2012,37.9,10069771
HTI,Haiti,2013,38.9,10222362
HTI,Haiti,2014,39.6,10373235
HTI,Haiti,2015,40.8,10523242
HTI,Haiti,2016,40.4,10671457
HTI,Haiti,2017,43.3,10817754
HTI,Haiti,2018,44.4,10962362
HTI,Haiti,2019,45.4,11105163
HTI,Haiti,2020,46.3,11243848
HTI,Haiti,2021,47.2,11374586
HTI,Haiti,2022,49.3,11503606
HTI,Haiti,2023,51.3,11637398
HTI,Haiti,2024,53.9,11772557
HUN,Hungary,2000,100.0,10210971
HUN,Hungary,2001,100.0,10187576
HUN,Hungary,2002,100.0,10158608
HUN,Hungary,2003,100.0,10129552
HUN,Hungary,2004,100.0,10107146
HUN,Hungary,2005,99.9,10087065
HUN,Hungary,2006,99.9,10071370
HUN,Hungary,2007,100.0,10055780
HUN,Hungary,2008,100.0,10038188
HUN,Hungary,2009,100.0,10022650
HUN,Hungary,2010,100.0,10000023
HUN,Hungary,2011,100.0,9971727
HUN,Hungary,2012,100.0,9920362
HUN,Hungary,2013,100.0,9872734
HUN,Hungary,2014,100.0,9833038
HUN,Hungary,2015,100.0,9797755
HUN,Hungary,2016,100.0,9759755
HUN,Hungary,2017,100.0,9726756
HUN,Hungary,2018,100.0,9706964
HUN,Hungary,2019,100.0,9694824
HUN,Hungary,2020,100.0,9670419
HUN,Hungary,2021,100.0,9630932
HUN,Hungary,2022,100.0,9605074
HUN,Hungary,2023,100.0,9592186
HUN,Hungary,2024,100.0,9562065
IBD,IBRD only,2000,84.5514200391953,3983328255
IBD,IBRD only,2001,85.2605452880295,4031080605
IBD,IBRD only,2002,85.5983613837498,4077229003
IBD,IBRD only,2003,86.5581956902272,4122775918
IBD,IBRD only,2004,86.7184905424753,4168676771
IBD,IBRD only,2005,87.7333227566688,4214082145
IBD,IBRD only,2006,88.1680891466254,4258827055
IBD,IBRD only,2007,89.3242121638932,4302067550
IBD,IBRD only,2008,90.1665294008948,4346234014
IBD,IBRD only,2009,90.6731762332911,4391389527
IBD,IBRD only,2010,91.453975356488,4436714947
IBD,IBRD only,2011,92.5084956175417,4483152627
IBD,IBRD only,2012,92.7691494735879,4532100585
IBD,IBRD only,2013,93.7820283085729,4581958556
IBD,IBRD only,2014,94.4238714593445,4630607878
IBD,IBRD only,2015,95.1768053412642,4676773551
IBD,IBRD only,2016,95.836371597902,4721566970
IBD,IBRD only,2017,96.6040591336246,4765773411
IBD,IBRD only,2018,97.7498443251445,4806981820
IBD,IBRD only,2019,97.8715752983766,4845075024
IBD,IBRD only,2020,98.0567134046334,4878296727
IBD,IBRD only,2021,99.1094167920247,4905212516
IBD,IBRD only,2022,98.9686574577803,4928196300
IBD,IBRD only,2023,99.0885815861564,4952209753
IBD,IBRD only,2024,99.1710314335576,4979670326
IBT,IDA & IBRD total,2000,73.969402080054,5116367192
IBT,IDA & IBRD total,2001,74.5923222873134,5191975532
IBT,IDA & IBRD total,2002,75.0832806940644,5266759631
IBT,IDA & IBRD total,2003,76.1386132449586,5341441991
IBT,IDA & IBRD total,2004,76.1483980246807,5416713041
IBT,IDA & IBRD total,2005,77.0633406781296,5492049553
IBT,IDA & IBRD total,2006,77.8588264673514,5567795358
IBT,IDA & IBRD total,2007,78.6157714157842,5643066022
IBT,IDA & IBRD total,2008,79.4569249530859,5719633233
IBT,IDA & IBRD total,2009,79.9535110770847,5797573486
IBT,IDA & IBRD total,2010,80.6525233114686,5876238780
IBT,IDA & IBRD total,2011,81.9218590699685,5956303101
IBT,IDA & IBRD total,2012,82.4388992783113,6038511525
IBT,IDA & IBRD total,2013,83.362705362845,6119970296
IBT,IDA & IBRD total,2014,83.9428079507592,6201072972
IBT,IDA & IBRD total,2015,84.8058720870898,6280370137
IBT,IDA & IBRD total,2016,86.2020439952187,6359496256
IBT,IDA & IBRD total,2017,87.1825242962377,6439279067
IBT,IDA & IBRD total,2018,88.2076680736069,6517257782
IBT,IDA & IBRD total,2019,88.5722643080015,6593373309
IBT,IDA & IBRD total,2020,88.9159802522601,6665588686
IBT,IDA & IBRD total,2021,90.0247787023894,6731708832
IBT,IDA & IBRD total,2022,89.9534822341794,6793703268
IBT,IDA & IBRD total,2023,90.3195251994939,6857438587
IBT,IDA & IBRD total,2024,90.6841858083156,6925362193
IDA,IDA total,2000,36.3689582630808,1133038937
IDA,IDA total,2001,37.1479649369425,1160894927
IDA,IDA total,2002,38.6893559267818,1189530628
IDA,IDA total,2003,40.542823416936,1218666073
IDA,IDA total,2004,40.4933899557041,1248036270
IDA,IDA total,2005,41.5257786468696,1277967408
IDA,IDA total,2006,43.9730686063336,1308968303
IDA,IDA total,2007,44.215583204942,1340998472
IDA,IDA total,2008,45.5210086884903,1373399219
IDA,IDA total,2009,46.4341542738551,1406183959
IDA,IDA total,2010,47.3202605943909,1439523833
IDA,IDA total,2011,49.6649300870432,1473150474
IDA,IDA total,2012,51.3225798076436,1506410940
IDA,IDA total,2013,52.2853038775898,1538011740
IDA,IDA total,2014,53.0030674696882,1570465094
IDA,IDA total,2015,54.526027751815,1603596586
IDA,IDA total,2016,58.3995349206974,1637929286
IDA,IDA total,2017,60.3233347999931,1673505656
IDA,IDA total,2018,61.3597693909093,1710275962
IDA,IDA total,2019,62.7746020826155,1748298285
IDA,IDA total,2020,63.9419318251959,1787291959
IDA,IDA total,2021,65.6033228695587,1826496316
IDA,IDA total,2022,66.1150819903058,1865506968
IDA,IDA total,2023,67.5062058598898,1905228834
IDA,IDA total,2024,68.9457220651021,1945691867
IDB,IDA blend,2000,55.6481107966122,394129957
IDB,IDA blend,2001,56.70789885005,404662385
IDB,IDA blend,2002,57.4182135042788,414935066
IDB,IDA blend,2003,60.0952816511328,425311302
IDB,IDA blend,2004,59.1432742468789,436147454
IDB,IDA blend,2005,60.2242112828434,447132945
IDB,IDA blend,2006,61.1269826223225,458394453
IDB,IDA blend,2007,62.3043148414168,470476526
IDB,IDA blend,2008,63.3309391549099,482975881
IDB,IDA blend,2009,63.1155416562242,495610570
IDB,IDA blend,2010,63.9547486455891,508422508
IDB,IDA blend,2011,68.0498486783031,520984443
IDB,IDA blend,2012,67.7534282751763,532980174
IDB,IDA blend,2013,69.2012849039335,544442648
IDB,IDA blend,2014,68.4749901174028,555868551
IDB,IDA blend,2015,68.7868324940631,567234056
IDB,IDA blend,2016,72.5460349141719,578463670
IDB,IDA blend,2017,71.6466137332559,590024074
IDB,IDA blend,2018,73.151878223369,601951913
IDB,IDA blend,2019,73.9089088089712,614017319
IDB,IDA blend,2020,74.4924621989682,626440308
IDB,IDA blend,2021,76.4698873250238,639196319
IDB,IDA blend,2022,76.9975316257502,651895919
IDB,IDA blend,2023,77.9201343756954,664395892
IDB,IDA blend,2024,78.8148230386128,676957651
IDN,Indonesia,2000,86.3,216077790
IDN,Indonesia,2001,86.3,219097902
IDN,Indonesia,2002,87.6,222088495
IDN,Indonesia,2003,87.9,225048008
IDN,Indonesia,2004,89.0,227926649
IDN,Indonesia,2005,84.8,230871650
IDN,Indonesia,2006,90.6,233951652
IDN,Indonesia,2007,91.1,237062337
IDN,Indonesia,2008,92.7,240157903
IDN,Indonesia,2009,93.6,243220028
IDN,Indonesia,2010,94.2,246305322
IDN,Indonesia,2011,94.8,249470032
IDN,Indonesia,2012,96.0,252698525
IDN,Indonesia,2013,96.5,255852467
IDN,Indonesia,2014,97.0,258877399
IDN,Indonesia,2015,97.5,261799249
IDN,Indonesia,2016,97.6,264627418
IDN,Indonesia,2017,98.1,267346658
IDN,Indonesia,2018,98.5,269951846
IDN,Indonesia,2019,98.8,272489381
IDN,Indonesia,2020,97.0,274814866
IDN,Indonesia,2021,99.2,276758053
IDN,Indonesia,2022,100.0,278830529
IDN,Indonesia,2023,99.4,281190067
IDN,Indonesia,2024,99.9,283487931
IDX,IDA only,2000,25.915838451979,738908980
IDX,IDA only,2001,26.5068294884073,756232542
IDX,IDA only,2002,28.5052131821171,774595562
IDX,IDA only,2003,29.9019775434056,793354771
IDX,IDA only,2004,30.3216473598292,811888816
IDX,IDA only,2005,31.3064530521818,830834463
IDX,IDA only,2006,34.5817865450228,850573850
IDX,IDA only,2007,34.419130893252,870521946
IDX,IDA only,2008,35.841119814232,890423338
IDX,IDA only,2009,37.3368109534318,910573389
IDX,IDA only,2010,38.2196110410566,931101325
IDX,IDA only,2011,39.5865233277689,952166031
IDX,IDA only,2012,42.3095050792506,973430766
IDX,IDA only,2013,42.9989187322935,993569092
IDX,IDA only,2014,44.5112693134577,1014596543
IDX,IDA only,2015,46.7071456668839,1036362530
IDX,IDA only,2016,50.6626258014594,1059465616
IDX,IDA only,2017,54.1468852720313,1083481582
IDX,IDA only,2018,54.9448489168899,1108324049
IDX,IDA only,2019,56.7377764694733,1134280966
IDX,IDA only,2020,58.2396653821217,1160851651
IDX,IDA only,2021,59.7443718318286,1187299997
IDX,IDA only,2022,60.2610028883008,1213611049
IDX,IDA only,2023,61.9225640121999,1240832942
IDX,IDA only,2024,63.6732469361987,1268734216
IMN,Isle of Man,2000,100.0,75659
IMN,Isle of Man,2001,100.0,76476
IMN,Isle of Man,2002,100.0,77275
IMN,Isle of Man,2003,100.0,78049
IMN,Isle of Man,2004,100.0,78792
IMN,Isle of Man,2005,100.0,79516
IMN,Isle of Man,2006,100.0,80294
IMN,Isle of Man,2007,100.0,81147
IMN,Isle of Man,2008,100.0,82029
IMN,Isle of Man,2009,100.0,82939
IMN,Isle of Man,2010,100.0,83873
IMN,Isle of Man,2011,100.0,84382
IMN,Isle of Man,2012,100.0,84335
IMN,Isle of Man,2013,100.0,84141
IMN,Isle of Man,2014,100.0,83892
IMN,Isle of Man,2015,100.0,83593
IMN,Isle of Man,2016,100.0,83466
IMN,Isle of Man,2017,100.0,83609
IMN,Isle of Man,2018,100.0,83805
IMN,Isle of Man,2019,100.0,83957
IMN,Isle of Man,2020,100.0,84064
IMN,Isle of Man,2021,100.0,84106
IMN,Isle of Man,2022,100.0,84132
IMN,Isle of Man,2023,100.0,84165
IMN,Isle of Man,2024,100.0,84160
IND,India,2000,60.3,1057922733
IND,India,2001,62.0,1077898575
IND,India,2002,62.3,1097600380
IND,India,2003,65.4,1116803006
IND,India,2004,64.4,1135991513
IND,India,2005,68.8,1154676322
IND,India,2006,67.9,1172878890
IND,India,2007,72.3,1190676021
IND,India,2008,74.1,1207930964
IND,India,2009,75.0,1225524753
IND,India,2010,76.3,1243481564
IND,India,2011,79.5,1261224954
IND,India,2012,79.9,1278674502
IND,India,2013,83.1,1295829511
IND,India,2014,85.1,1312277191
IND,India,2015,88.0,1328024498
IND,India,2016,89.6,1343944296
IND,India,2017,91.8,1359657400
IND,India,2018,95.7,1374659064
IND,India,2019,95.9,1389030312
IND,India,2020,96.5,1402617695
IND,India,2021,99.6,1414203896
IND,India,2022,99.2,1425423212
IND,India,2023,99.5,1438069596
IND,India,2024,99.9,1450935791
IRL,Ireland,2000,100.0,3805174
IRL,Ireland,2001,100.0,3866243
IRL,Ireland,2002,100.0,3931947
IRL,Ireland,2003,100.0,3996521
IRL,Ireland,2004,100.0,4070262
IRL,Ireland,2005,100.0,4159914
IRL,Ireland,2006,100.0,4273591
IRL,Ireland,2007,100.0,4398942
IRL,Ireland,2008,100.0,4489544
IRL,Ireland,2009,100.0,4535375
IRL,Ireland,2010,100.0,4560155
IRL,Ireland,2011,100.0,4580084
IRL,Ireland,2012,100.0,4599533
IRL,Ireland,2013,100.0,4623816
IRL,Ireland,2014,100.0,4657740
IRL,Ireland,2015,100.0,4701957
IRL,Ireland,2016,100.0,4762722
IRL,Ireland,2017,100.0,4827445
IRL,Ireland,2018,100.0,4898022
IRL,Ireland,2019,100.0,4976456
IRL,Ireland,2020,100.0,5039747
IRL,Ireland,2021,100.0,5110585
IRL,Ireland,2022,100.0,5212836
IRL,Ireland,2023,100.0,5311538
IRL,Ireland,2024,100.0,5395790
IRN,"Iran, Islamic Rep.",2000,97.9,66418659
IRN,"Iran, Islamic Rep.",2001,98.1,67452005
IRN,"Iran, Islamic Rep.",2002,98.1,68011317
IRN,"Iran, Islamic Rep.",2003,98.2,68769340
IRN,"Iran, Islamic Rep.",2004,98.3,70256316
IRN,"Iran, Islamic Rep.",2005,98.4,71828455
IRN,"Iran, Islamic Rep.",2006,98.4,73392747
IRN,"Iran, Islamic Rep.",2007,98.7,74602648
IRN,"Iran, Islamic Rep.",2008,98.8,75514204
IRN,"Iran, Islamic Rep.",2009,99.7,76457825
IRN,"Iran, Islamic Rep.",2010,99.4,77420842
IRN,"Iran, Islamic Rep.",2011,99.5,78383598
IRN,"Iran, Islamic Rep.",2012,99.5,79370580
IRN,"Iran, Islamic Rep.",2013,99.8,80414686
IRN,"Iran, Islamic Rep.",2014,100.0,81502045
IRN,"Iran, Islamic Rep.",2015,100.0,82619362
IRN,"Iran, Islamic Rep.",2016,100.0,83812228
IRN,"Iran, Islamic Rep.",2017,99.9,85026754
IRN,"Iran, Islamic Rep.",2018,100.0,86117998
IRN,"Iran, Islamic Rep.",2019,100.0,87051648
IRN,"Iran, Islamic Rep.",2020,100.0,87723443
IRN,"Iran, Islamic Rep.",2021,100.0,88455488
IRN,"Iran, Islamic Rep.",2022,100.0,89524246
IRN,"Iran, Islamic Rep.",2023,100.0,90608707
IRN,"Iran, Islamic Rep.",2024,100.0,91567738
IRQ,Iraq,2000,96.8,24424056
IRQ,Iraq,2001,96.9,25197840
IRQ,Iraq,2002,97.1,26006559
IRQ,Iraq,2003,97.2,26802659
IRQ,Iraq,2004,97.3,27577878
IRQ,Iraq,2005,97.4,28407448
IRQ,Iraq,2006,97.6,28616515
IRQ,Iraq,2007,98.1,28391607
IRQ,Iraq,2008,97.9,28971036
IRQ,Iraq,2009,98.1,30058206
IRQ,Iraq,2010,98.4,31045366
IRQ,Iraq,2011,98.0,32161424
IRQ,Iraq,2012,99.3,33654842
IRQ,Iraq,2013,99.0,35281989
IRQ,Iraq,2014,99.2,36550059
IRQ,Iraq,2015,99.4,37560535
IRQ,Iraq,2016,99.7,38469627
IRQ,Iraq,2017,99.9,39337353
IRQ,Iraq,2018,99.9,40265624
IRQ,Iraq,2019,100.0,41192171
IRQ,Iraq,2020,100.0,42116605
IRQ,Iraq,2021,100.0,43071211
IRQ,Iraq,2022,100.0,44070551
IRQ,Iraq,2023,100.0,45074049
IRQ,Iraq,2024,100.0,46042015
ISL,Iceland,2000,100.0,281205
ISL,Iceland,2001,100.0,284968
ISL,Iceland,2002,100.0,287523
ISL,Iceland,2003,100.0,289521
ISL,Iceland,2004,100.0,292074
ISL,Iceland,2005,100.0,296734
ISL,Iceland,2006,100.0,303782
ISL,Iceland,2007,100.0,311566
ISL,Iceland,2008,100.0,317414
ISL,Iceland,2009,100.0,318499
ISL,Iceland,2010,100.0,318041
ISL,Iceland,2011,100.0,319014
ISL,Iceland,2012,100.0,320716
ISL,Iceland,2013,100.0,323764
ISL,Iceland,2014,100.0,327386
ISL,Iceland,2015,100.0,330815
ISL,Iceland,2016,100.0,335439
ISL,Iceland,2017,100.0,343400
ISL,Iceland,2018,100.0,352721
ISL,Iceland,2019,100.0,360563
ISL,Iceland,2020,100.0,366463
ISL,Iceland,2021,100.0,372520
ISL,Iceland,2022,100.0,382003
ISL,Iceland,2023,100.0,385663
ISL,Iceland,2024,100.0,386506
ISR,Israel,2000,100.0,6289000
ISR,Israel,2001,100.0,6439000
ISR,Israel,2002,100.0,6570000
ISR,Israel,2003,100.0,6689700
ISR,Israel,2004,100.0,6809000
ISR,Israel,2005,100.0,6930100
ISR,Israel,2006,100.0,7053700
ISR,Israel,2007,100.0,7180100
ISR,Israel,2008,100.0,7308800
ISR,Israel,2009,100.0,7485600
ISR,Israel,2010,100.0,7623600
ISR,Israel,2011,100.0,7765800
ISR,Israel,2012,100.0,7910500
ISR,Israel,2013,100.0,8059500
ISR,Israel,2014,100.0,8215700
ISR,Israel,2015,100.0,8380100
ISR,Israel,2016,100.0,8546000
ISR,Israel,2017,100.0,8713300
ISR,Israel,2018,100.0,8882800
ISR,Israel,2019,100.0,9054000
ISR,Israel,2020,100.0,9215100
ISR,Israel,2021,100.0,9371400
ISR,Israel,2022,100.0,9557500
ISR,Israel,2023,100.0,9849000
ISR,Israel,2024,100.0,10002200
ITA,Italy,2000,100.0,56942108
ITA,Italy,2001,100.0,56976981
ITA,Italy,2002,100.0,57089824
ITA,Italy,2003,100.0,57399184
ITA,Italy,2004,100.0,57828179
ITA,Italy,2005,100.0,58166682
ITA,Italy,2006,100.0,58399861
ITA,Italy,2007,100.0,58756247
ITA,Italy,2008,100.0,59211181
ITA,Italy,2009,100.0,59555454
ITA,Italy,2010,100.0,59819407
ITA,Italy,2011,100.0,60026841
ITA,Italy,2012,100.0,60191247
ITA,Italy,2013,100.0,60311613
ITA,Italy,2014,100.0,60320707
ITA,Italy,2015,100.0,60229605
ITA,Italy,2016,100.0,60115223
ITA,Italy,2017,100.0,60002252
ITA,Italy,2018,100.0,59877221
ITA,Italy,2019,100.0,59729081
ITA,Italy,2020,100.0,59438851
ITA,Italy,2021,100.0,59133173
ITA,Italy,2022,100.0,59013667
ITA,Italy,2023,100.0,58984216
ITA,Italy,2024,100.0,58952704
JAM,Jamaica,2000,84.4,2607826
JAM,Jamaica,2001,87.7,2624403
JAM,Jamaica,2002,86.7,2640572
JAM,Jamaica,2003,86.5,2656623
JAM,Jamaica,2004,87.2,2672225
JAM,Jamaica,2005,88.0,2687066
JAM,Jamaica,2006,88.7,2700968
JAM,Jamaica,2007,89.4,2713800
JAM,Jamaica,2008,92.0,2725635
JAM,Jamaica,2009,91.0,2736995
JAM,Jamaica,2010,92.2,2748568
JAM,Jamaica,2011,91.1,2760494
JAM,Jamaica,2012,93.1,2772430
JAM,Jamaica,2013,93.9,2783687
JAM,Jamaica,2014,93.3,2793749
JAM,Jamaica,2015,94.9,2802534
JAM,Jamaica,2016,96.6,2809915
JAM,Jamaica,2017,97.4,2815764
JAM,Jamaica,2018,98.2,2820097
JAM,Jamaica,2019,98.9,2823271
JAM,Jamaica,2020,99.7,2830739
JAM,Jamaica,2021,100.0,2837682
JAM,Jamaica,2022,100.0,2839144
JAM,Jamaica,2023,97.7,2839786
JAM,Jamaica,2024,97.7,2839175
JOR,Jordan,2000,99.0,5386945
JOR,Jordan,2001,99.0,5498894
JOR,Jordan,2002,99.5,5616066
JOR,Jordan,2003,99.0,5741828
JOR,Jordan,2004,99.2,5882061
JOR,Jordan,2005,99.0,6029587
JOR,Jordan,2006,100.0,6427371
JOR,Jordan,2007,98.8,6827227
JOR,Jordan,2008,100.0,6989866
JOR,Jordan,2009,99.4,7141753
JOR,Jordan,2010,100.0,7297043
JOR,Jordan,2011,99.6,7480424
JOR,Jordan,2012,99.5,7587127
JOR,Jordan,2013,99.7,7991809
JOR,Jordan,2014,99.8,8791710
JOR,Jordan,2015,99.9,9544729
JOR,Jordan,2016,100.0,10006367
JOR,Jordan,2017,100.0,10234226
JOR,Jordan,2018,99.9,10462306
JOR,Jordan,2019,99.9,10671891
JOR,Jordan,2020,99.9,10865228
JOR,Jordan,2021,99.9,11066356
JOR,Jordan,2022,100.0,11256263
JOR,Jordan,2023,100.0,11439213
JOR,Jordan,2024,100.0,11552876
JPN,Japan,2000,100.0,126843000
JPN,Japan,2001,100.0,127149000
JPN,Japan,2002,100.0,127445000
JPN,Japan,2003,100.0,127718000
JPN,Japan,2004,100.0,127761000
JPN,Japan,2005,100.0,127773000
JPN,Japan,2006,100.0,127854000
JPN,Japan,2007,100.0,128001000
JPN,Japan,2008,100.0,128063000
JPN,Japan,2009,100.0,128047000
JPN,Japan,2010,100.0,128070000
JPN,Japan,2011,100.0,127833000
JPN,Japan,2012,100.0,127629000
JPN,Japan,2013,100.0,127445000
JPN,Japan,2014,100.0,127276000
JPN,Japan,2015,100.0,127141000
JPN,Japan,2016,100.0,127076000
JPN,Japan,2017,100.0,126972000
JPN,Japan,2018,100.0,126811000
JPN,Japan,2019,100.0,126633000
JPN,Japan,2020,100.0,126261000
JPN,Japan,2021,100.0,125681593
JPN,Japan,2022,100.0,125124989
JPN,Japan,2023,100.0,124516650
JPN,Japan,2024,100.0,123975371
KAZ,Kazakhstan,2000,99.6,15501103
KAZ,Kazakhstan,2001,99.7,15575550
KAZ,Kazakhstan,2002,99.8,15656677
KAZ,Kazakhstan,2003,99.9,15747380
KAZ,Kazakhstan,2004,100.0,15850159
KAZ,Kazakhstan,2005,100.0,15968117
KAZ,Kazakhstan,2006,99.8,16103716
KAZ,Kazakhstan,2007,100.0,16257214
KAZ,Kazakhstan,2008,100.0,16426525
KAZ,Kazakhstan,2009,100.0,16619846
KAZ,Kazakhstan,2010,100.0,16836810
KAZ,Kazakhstan,2011,99.8,17066002
KAZ,Kazakhstan,2012,100.0,17306106
KAZ,Kazakhstan,2013,100.0,17556502
KAZ,Kazakhstan,2014,100.0,17816285
KAZ,Kazakhstan,2015,100.0,18084169
KAZ,Kazakhstan,2016,100.0,18363600
KAZ,Kazakhstan,2017,100.0,18651931
KAZ,Kazakhstan,2018,100.0,18932727
KAZ,Kazakhstan,2019,100.0,19209555
KAZ,Kazakhstan,2020,100.0,19482117
KAZ,Kazakhstan,2021,100.0,19743603
KAZ,Kazakhstan,2022,100.0,20034609
KAZ,Kazakhstan,2023,100.0,20330104
KAZ,Kazakhstan,2024,100.0,20592571
KEN,Kenya,2000,15.2,30642890
KEN,Kenya,2001,17.0,31619170
KEN,Kenya,2002,18.9,32629808
KEN,Kenya,2003,16.0,33652223
KEN,Kenya,2004,22.6,34713455
KEN,Kenya,2005,24.5,35796484
KEN,Kenya,2006,26.4,36904008
KEN,Kenya,2007,28.3,38036349
KEN,Kenya,2008,30.3,39206351
KEN,Kenya,2009,23.0,40408891
KEN,Kenya,2010,19.2,41598567
KEN,Kenya,2011,36.2,42758461
KEN,Kenya,2012,38.1,43888303
KEN,Kenya,2013,40.1,44986791
KEN,Kenya,2014,36.0,46051440
KEN,Kenya,2015,41.6,47088526
KEN,Kenya,2016,53.1,48139687
KEN,Kenya,2017,55.8,49197766
KEN,Kenya,2018,61.2,50207107
KEN,Kenya,2019,69.7,51202827
KEN,Kenya,2020,71.5,52217334
KEN,Kenya,2021,76.5,53219166
KEN,Kenya,2022,76.0,54252461
KEN,Kenya,2023,76.2,55339003
KEN,Kenya,2024,77.0,56432944
KGZ,Kyrgyz Republic,2000,99.6,4898362
KGZ,Kyrgyz Republic,2001,99.5,4945073
KGZ,Kyrgyz Republic,2002,100.0,4990704
KGZ,Kyrgyz Republic,2003,99.4,5043308
KGZ,Kyrgyz Republic,2004,99.3,5104713
KGZ,Kyrgyz Republic,2005,99.4,5162640
KGZ,Kyrgyz Republic,2006,98.9,5218373
KGZ,Kyrgyz Republic,2007,99.5,5268385
KGZ,Kyrgyz Republic,2008,99.5,5318729
KGZ,Kyrgyz Republic,2009,99.5,5389643
KGZ,Kyrgyz Republic,2010,99.0,5467059
KGZ,Kyrgyz Republic,2011,98.3,5546587
KGZ,Kyrgyz Republic,2012,99.8,5652076
KGZ,Kyrgyz Republic,2013,98.9,5777150
KGZ,Kyrgyz Republic,2014,99.8,5905848
KGZ,Kyrgyz Republic,2015,98.7,6040036
KGZ,Kyrgyz Republic,2016,99.7,6175338
KGZ,Kyrgyz Republic,2017,100.0,6306696
KGZ,Kyrgyz Republic,2018,100.0,6444079
KGZ,Kyrgyz Republic,2019,99.9,6590211
KGZ,Kyrgyz Republic,2020,99.9,6726596
KGZ,Kyrgyz Republic,2021,99.7,6851224
KGZ,Kyrgyz Republic,2022,99.7,6975220
KGZ,Kyrgyz Republic,2023,100.0,7099750
KGZ,Kyrgyz Republic,2024,100.0,7221868
KHM,Cambodia,2000,16.6,12462336
KHM,Cambodia,2001,9.5,12658484
KHM,Cambodia,2002,13.1,12855241
KHM,Cambodia,2003,19.3,13050968
KHM,Cambodia,2004,14.2,13244731
KHM,Cambodia,2005,20.5,13439202
KHM,Cambodia,2006,27.5,13639028
KHM,Cambodia,2007,20.2,13841770
KHM,Cambodia,2008,26.4,14053479
KHM,Cambodia,2009,25.6,14276810
KHM,Cambodia,2010,31.1,14500726
KHM,Cambodia,2011,37.4,14722584
KHM,Cambodia,2012,42.3,14945085
KHM,Cambodia,2013,50.9,15170208
KHM,Cambodia,2014,56.1,15396772
KHM,Cambodia,2015,62.7,15623251
KHM,Cambodia,2016,68.8,15852803
KHM,Cambodia,2017,89.1,16073372
KHM,Cambodia,2018,80.7,16274522
KHM,Cambodia,2019,84.0,16481304
KHM,Cambodia,2020,86.4,16725474
KHM,Cambodia,2021,82.5,16974305
KHM,Cambodia,2022,92.3,17201724
KHM,Cambodia,2023,95.0,17423880
KHM,Cambodia,2024,99.2,17638801
KIR,Kiribati,2000,55.6,88613
KIR,Kiribati,2001,57.3,90335
KIR,Kiribati,2002,59.0,92264
KIR,Kiribati,2003,60.7,94175
KIR,Kiribati,2004,62.4,96085
KIR,Kiribati,2005,69.7,98035
KIR,Kiribati,2006,68.8,100017
KIR,Kiribati,2007,67.7,102068
KIR,Kiribati,2008,69.4,104222
KIR,Kiribati,2009,64.2,106467
KIR,Kiribati,2010,63.2,108704
KIR,Kiribati,2011,74.9,110647
KIR,Kiribati,2012,76.7,112284
KIR,Kiribati,2013,78.8,113838
KIR,Kiribati,2014,83.4,115326
KIR,Kiribati,2015,90.6,116815
KIR,Kiribati,2016,92.6,118478
KIR,Kiribati,2017,85.7,120275
KIR,Kiribati,2018,87.5,122084
KIR,Kiribati,2019,89.3,123921
KIR,Kiribati,2020,91.0,126099
KIR,Kiribati,2021,92.8,128377
KIR,Kiribati,2022,94.4,130469
KIR,Kiribati,2023,95.9,132530
KIR,Kiribati,2024,97.7,134518
KNA,St. Kitts and Nevis,2000,95.4,45248
KNA,St. Kitts and Nevis,2001,93.5,45761
KNA,St. Kitts and Nevis,2002,95.8,46020
KNA,St. Kitts and Nevis,2003,96.0,46176
KNA,St. Kitts and Nevis,2004,96.3,46315
KNA,St. Kitts and Nevis,2005,96.5,46437
KNA,St. Kitts and Nevis,2006,96.7,46569
KNA,St. Kitts and Nevis,2007,97.0,46706
KNA,St. Kitts and Nevis,2008,97.3,46835
KNA,St. Kitts and Nevis,2009,97.6,46916
KNA,St. Kitts and Nevis,2010,99.8,46846
KNA,St. Kitts and Nevis,2011,100.0,46886
KNA,St. Kitts and Nevis,2012,100.0,47033
KNA,St. Kitts and Nevis,2013,100.0,47069
KNA,St. Kitts and Nevis,2014,100.0,47089
KNA,St. Kitts and Nevis,2015,100.0,47087
KNA,St. Kitts and Nevis,2016,100.0,47075
KNA,St. Kitts and Nevis,2017,100.0,47050
KNA,St. Kitts and Nevis,2018,100.0,47008
KNA,St. Kitts and Nevis,2019,100.0,46952
KNA,St. Kitts and Nevis,2020,100.0,46870
KNA,St. Kitts and Nevis,2021,100.0,46763
KNA,St. Kitts and Nevis,2022,100.0,46709
KNA,St. Kitts and Nevis,2023,100.0,46758
KNA,St. Kitts and Nevis,2024,100.0,46843
KOR,"Korea, Rep.",2000,100.0,47008111
KOR,"Korea, Rep.",2001,100.0,47370164
KOR,"Korea, Rep.",2002,100.0,47644736
KOR,"Korea, Rep.",2003,100.0,47892330
KOR,"Korea, Rep.",2004,100.0,48082519
KOR,"Korea, Rep.",2005,100.0,48184561
KOR,"Korea, Rep.",2006,100.0,48438292
KOR,"Korea, Rep.",2007,100.0,48683638
KOR,"Korea, Rep.",2008,100.0,49054708
KOR,"Korea, Rep.",2009,100.0,49307835
KOR,"Korea, Rep.",2010,100.0,49554112
KOR,"Korea, Rep.",2011,100.0,49936638
KOR,"Korea, Rep.",2012,100.0,50199853
KOR,"Korea, Rep.",2013,100.0,50428893
KOR,"Korea, Rep.",2014,100.0,50746659
KOR,"Korea, Rep.",2015,100.0,51014947
KOR,"Korea, Rep.",2016,100.0,51217803
KOR,"Korea, Rep.",2017,100.0,51361911
KOR,"Korea, Rep.",2018,100.0,51585058
KOR,"Korea, Rep.",2019,100.0,51764822
KOR,"Korea, Rep.",2020,100.0,51836239
KOR,"Korea, Rep.",2021,100.0,51769539
KOR,"Korea, Rep.",2022,100.0,51672569
KOR,"Korea, Rep.",2023,100.0,51712619
KOR,"Korea, Rep.",2024,100.0,51751065
KWT,Kuwait,2000,100.0,1954709
KWT,Kuwait,2001,100.0,2008121
KWT,Kuwait,2002,100.0,2059974
KWT,Kuwait,2003,100.0,2109881
KWT,Kuwait,2004,100.0,2157320
KWT,Kuwait,2005,100.0,2236788
KWT,Kuwait,2006,100.0,2364733
KWT,Kuwait,2007,100.0,2507887
KWT,Kuwait,2008,100.0,2651421
KWT,Kuwait,2009,100.0,2795484
KWT,Kuwait,2010,100.0,2943372
KWT,Kuwait,2011,100.0,3132814
KWT,Kuwait,2012,100.0,3337109
KWT,Kuwait,2013,100.0,3507844
KWT,Kuwait,2014,100.0,3665876
KWT,Kuwait,2015,100.0,3834574
KWT,Kuwait,2016,100.0,4004096
KWT,Kuwait,2017,100.0,4154812
KWT,Kuwait,2018,100.0,4323515
KWT,Kuwait,2019,100.0,4442316
KWT,Kuwait,2020,100.0,4400267
KWT,Kuwait,2021,100.0,4360865
KWT,Kuwait,2022,100.0,4589643
KWT,Kuwait,2023,100.0,4853420
KWT,Kuwait,2024,100.0,4897263
LAC,Latin America & Caribbean (excluding high income),2000,91.4689795265121,487480396
LAC,Latin America & Caribbean (excluding high income),2001,92.1051983799186,494443065
LAC,Latin America & Caribbean (excluding high income),2002,92.4360291313762,501234679
LAC,Latin America & Caribbean (excluding high income),2003,92.439701604994,507870430
LAC,Latin America & Caribbean (excluding high income),2004,93.0182149762883,514373324
LAC,Latin America & Caribbean (excluding high income),2005,93.3363923210281,520792375
LAC,Latin America & Caribbean (excluding high income),2006,94.0541891151959,527135313
LAC,Latin America & Caribbean (excluding high income),2007,94.3168452277057,533442703
LAC,Latin America & Caribbean (excluding high income),2008,95.0995151940561,539713061
LAC,Latin America & Caribbean (excluding high income),2009,95.2709919426467,545898245
LAC,Latin America & Caribbean (excluding high income),2010,95.7501138301396,551960581
LAC,Latin America & Caribbean (excluding high income),2011,96.0646341819472,558007918
LAC,Latin America & Caribbean (excluding high income),2012,96.4460399311427,564057086
LAC,Latin America & Caribbean (excluding high income),2013,96.7727703657333,570030910
LAC,Latin America & Caribbean (excluding high income),2014,96.9511899456544,575915671
LAC,Latin America & Caribbean (excluding high income),2015,97.1998388366848,581649117
LAC,Latin America & Caribbean (excluding high income),2016,97.3895317965432,587206002
LAC,Latin America & Caribbean (excluding high income),2017,97.6345956572633,592522502
LAC,Latin America & Caribbean (excluding high income),2018,97.6720041771543,597518751
LAC,Latin America & Caribbean (excluding high income),2019,97.9267480324862,602249777
LAC,Latin America & Caribbean (excluding high income),2020,98.0726539787735,606535582
LAC,Latin America & Caribbean (excluding high income),2021,98.2080478765579,610122057
LAC,Latin America & Caribbean (excluding high income),2022,98.5332606972821,613861839
LAC,Latin America & Caribbean (excluding high income),2023,98.348001499771,618190397
LAC,Latin America & Caribbean (excluding high income),2024,97.9933011133193,622564181
LAO,Lao PDR,2000,42.6,5431212
LAO,Lao PDR,2001,45.3,5521482
LAO,Lao PDR,2002,46.3,5610889
LAO,Lao PDR,2003,48.0,5697945
LAO,Lao PDR,2004,53.5,5781626
LAO,Lao PDR,2005,57.2,5869523
LAO,Lao PDR,2006,57.0,5963200
LAO,Lao PDR,2007,55.0,6056236
LAO,Lao PDR,2008,66.0,6148969
LAO,Lao PDR,2009,67.4,6241642
LAO,Lao PDR,2010,70.2,6334194
LAO,Lao PDR,2011,70.0,6426590
LAO,Lao PDR,2012,76.4,6518978
LAO,Lao PDR,2013,79.3,6611385
LAO,Lao PDR,2014,82.5,6703172
LAO,Lao PDR,2015,89.7,6801645
LAO,Lao PDR,2016,89.0,6908802
LAO,Lao PDR,2017,93.6,7018147
LAO,Lao PDR,2018,92.9,7128045
LAO,Lao PDR,2019,98.4,7237636
LAO,Lao PDR,2020,99.3,7346533
LAO,Lao PDR,2021,100.0,7453194
LAO,Lao PDR,2022,100.0,7559007
LAO,Lao PDR,2023,96.5,7664993
LAO,Lao PDR,2024,96.5,7769819
LBN,Lebanon,2000,99.3,4329340
LBN,Lebanon,2001,99.3,4401918
LBN,Lebanon,2002,99.3,4463504
LBN,Lebanon,2003,99.2,4525508
LBN,Lebanon,2004,99.9,4599279
LBN,Lebanon,2005,99.2,4671102
LBN,Lebanon,2006,99.4,4751136
LBN,Lebanon,2007,97.8,4844118
LBN,Lebanon,2008,99.9,4925354
LBN,Lebanon,2009,99.3,4992287
LBN,Lebanon,2010,99.5,5041288
LBN,Lebanon,2011,99.7,5096020
LBN,Lebanon,2012,99.5,5235742
LBN,Lebanon,2013,99.6,5743436
LBN,Lebanon,2014,99.7,6346990
LBN,Lebanon,2015,99.7,6472469
LBN,Lebanon,2016,99.8,6323060
LBN,Lebanon,2017,99.9,6160128
LBN,Lebanon,2018,99.7,5984119
LBN,Lebanon,2019,100.0,5794594
LBN,Lebanon,2020,100.0,5702398
LBN,Lebanon,2021,100.0,5718122
LBN,Lebanon,2022,100.0,5744489
LBN,Lebanon,2023,100.0,5773493
LBN,Lebanon,2024,100.0,5805962
LBR,Liberia,2000,,2928117
LBR,Liberia,2001,,3015338
LBR,Liberia,2002,,3094782
LBR,Liberia,2003,,3119532
LBR,Liberia,2004,,3156892
LBR,Liberia,2005,,3301015
LBR,Liberia,2006,,3490787
LBR,Liberia,2007,3.0,3669050
LBR,Liberia,2008,1.3,3821003
LBR,Liberia,2009,1.9,3943028
LBR,Liberia,2010,5.3,4058890
LBR,Liberia,2011,4.1,4221178
LBR,Liberia,2012,9.3,4373043
LBR,Liberia,2013,9.8,4470239
LBR,Liberia,2014,9.4,4564293
LBR,Liberia,2015,15.2,4659431
LBR,Liberia,2016,17.7,4755608
LBR,Liberia,2017,24.2,4848925
LBR,Liberia,2018,22.8,4944726
LBR,Liberia,2019,23.1,5043721
LBR,Liberia,2020,27.6,5149463
LBR,Liberia,2021,29.8,5259323
LBR,Liberia,2022,31.8,5373294
LBR,Liberia,2023,32.5,5493031
LBR,Liberia,2024,34.9,5612817
LBY,Libya,2000,99.8,5305021
LBY,Libya,2001,96.9,5403639
LBY,Libya,2002,95.2,5508410
LBY,Libya,2003,93.5,5619398
LBY,Libya,2004,91.8,5736693
LBY,Libya,2005,90.1,5858798
LBY,Libya,2006,88.4,5980211
LBY,Libya,2007,86.8,6104380
LBY,Libya,2008,85.1,6235430
LBY,Libya,2009,83.5,6366686
LBY,Libya,2010,81.9,6497839
LBY,Libya,2011,80.3,6343203
LBY,Libya,2012,78.7,6179328
LBY,Libya,2013,77.1,6304628
LBY,Libya,2014,75.5,6427252
LBY,Libya,2015,73.8,6531819
LBY,Libya,2016,72.2,6632126
LBY,Libya,2017,70.6,6738770
LBY,Libya,2018,67.0,6849055
LBY,Libya,2019,68.5,6951033
LBY,Libya,2020,69.4,7045399
LBY,Libya,2021,70.2,7135175
LBY,Libya,2022,70.0,7223805
LBY,Libya,2023,73.2,7305659
LBY,Libya,2024,77.4,7381023
LCA,St. Lucia,2000,86.0,158616
LCA,St. Lucia,2001,89.9,160237
LCA,St. Lucia,2002,87.7,161641
LCA,St. Lucia,2003,88.5,162976
LCA,St. Lucia,2004,89.3,164239
LCA,St. Lucia,2005,90.1,165450
LCA,St. Lucia,2006,90.9,166639
LCA,St. Lucia,2007,91.8,167758
LCA,St. Lucia,2008,92.7,168808
LCA,St. Lucia,2009,93.5,169869
LCA,St. Lucia,2010,94.2,170906
LCA,St. Lucia,2011,95.4,171801
LCA,St. Lucia,2012,95.3,172587
LCA,St. Lucia,2013,97.2,173369
LCA,St. Lucia,2014,98.1,174138
LCA,St. Lucia,2015,99.0,174905
LCA,St. Lucia,2016,99.8,175646
LCA,St. Lucia,2017,99.9,176342
LCA,St. Lucia,2018,100.0,177017
LCA,St. Lucia,2019,100.0,177661
LCA,St. Lucia,2020,100.0,178250
LCA,St. Lucia,2021,100.0,178522
LCA,St. Lucia,2022,100.0,178781
LCA,St. Lucia,2023,100.0,179285
LCA,St. Lucia,2024,100.0,179744
LCN,Latin America & Caribbean,2000,91.7360864277566,520272118
LCN,Latin America & Caribbean,2001,92.3325507733975,527572583
LCN,Latin America & Caribbean,2002,92.655446118845,534691591
LCN,Latin America & Caribbean,2003,92.7384088334582,541643365
LCN,Latin America & Caribbean,2004,93.2191410103356,548455563
LCN,Latin America & Caribbean,2005,93.5227442363083,555120780
LCN,Latin America & Caribbean,2006,94.2593346225013,561751999
LCN,Latin America & Caribbean,2007,94.4765421959323,568345245
LCN,Latin America & Caribbean,2008,95.2230808289009,574908733
LCN,Latin America & Caribbean,2009,95.4266624028369,581388129
LCN,Latin America & Caribbean,2010,95.878387553278,587752505
LCN,Latin America & Caribbean,2011,96.1841031200508,594086829
LCN,Latin America & Caribbean,2012,96.569234553016,600420316
LCN,Latin America & Caribbean,2013,96.8646822286805,606683307
LCN,Latin America & Caribbean,2014,97.0540254170861,612849401
LCN,Latin America & Caribbean,2015,97.2847276074314,618868462
LCN,Latin America & Caribbean,2016,97.4783821342287,624737786
LCN,Latin America & Caribbean,2017,97.7105992174177,630414986
LCN,Latin America & Caribbean,2018,97.756715207991,635778081
LCN,Latin America & Caribbean,2019,97.9982113870485,640962372
LCN,Latin America & Caribbean,2020,98.1472760748436,645498187
LCN,Latin America & Caribbean,2021,98.2756306140479,649236092
LCN,Latin America & Caribbean,2022,98.5788786246178,653108131
LCN,Latin America & Caribbean,2023,98.4226177308055,657616519
LCN,Latin America & Caribbean,2024,98.0459111591331,662185614
LDC,Least developed countries: UN classification,2000,20.2297888867973,673273787
LDC,Least developed countries: UN classification,2001,20.998523820677,689505567
LDC,Least developed countries: UN classification,2002,22.9827393959587,706880665
LDC,Least developed countries: UN classification,2003,24.5207703650646,724713713
LDC,Least developed countries: UN classification,2004,24.9097816552024,742302769
LDC,Least developed countries: UN classification,2005,26.2710490039686,760310134
LDC,Least developed countries: UN classification,2006,29.1401047414385,778789026
LDC,Least developed countries: UN classification,2007,29.3521138431476,797076099
LDC,Least developed countries: UN classification,2008,30.7407323275746,815835455
LDC,Least developed countries: UN classification,2009,32.1436467206264,835266189
LDC,Least developed countries: UN classification,2010,33.0175069297973,854941316
LDC,Least developed countries: UN classification,2011,34.4967065513717,875269186
LDC,Least developed countries: UN classification,2012,37.8226066684459,896237933
LDC,Least developed countries: UN classification,2013,38.2291562537799,917783039
LDC,Least developed countries: UN classification,2014,39.4842881629205,939749332
LDC,Least developed countries: UN classification,2015,42.3112596715938,961916563
LDC,Least developed countries: UN classification,2016,46.3455300500397,984757534
LDC,Least developed countries: UN classification,2017,50.2060962041014,1008260714
LDC,Least developed countries: UN classification,2018,51.0882635710901,1032309742
LDC,Least developed countries: UN classification,2019,52.8790143070516,1057170371
LDC,Least developed countries: UN classification,2020,54.4739882982852,1082754466
LDC,Least developed countries: UN classification,2021,56.1058821370756,1108233065
LDC,Least developed countries: UN classification,2022,56.7044105069269,1133564482
LDC,Least developed countries: UN classification,2023,58.4334317805897,1159744187
LDC,Least developed countries: UN classification,2024,60.3676703753846,1186668913
LIE,Liechtenstein,2000,100.0,32645
LIE,Liechtenstein,2001,100.0,33194
LIE,Liechtenstein,2002,100.0,33694
LIE,Liechtenstein,2003,100.0,34079
LIE,Liechtenstein,2004,100.0,34447
LIE,Liechtenstein,2005,100.0,34753
LIE,Liechtenstein,2006,100.0,35037
LIE,Liechtenstein,2007,100.0,35262
LIE,Liechtenstein,2008,100.0,35473
LIE,Liechtenstein,2009,100.0,35742
LIE,Liechtenstein,2010,100.0,36022
LIE,Liechtenstein,2011,100.0,36312
LIE,Liechtenstein,2012,100.0,36657
LIE,Liechtenstein,2013,100.0,36984
LIE,Liechtenstein,2014,100.0,37248
LIE,Liechtenstein,2015,100.0,37494
LIE,Liechtenstein,2016,100.0,37716
LIE,Liechtenstein,2017,100.0,37962
LIE,Liechtenstein,2018,100.0,38246
LIE,Liechtenstein,2019,100.0,38563
LIE,Liechtenstein,2020,100.0,38901
LIE,Liechtenstein,2021,100.0,39182
LIE,Liechtenstein,2022,100.0,39493
LIE,Liechtenstein,2023,100.0,39846
LIE,Liechtenstein,2024,100.0,40450
LKA,Sri Lanka,2000,70.3,19293054
LKA,Sri Lanka,2001,63.6,19600362
LKA,Sri Lanka,2002,80.7,19805752
LKA,Sri Lanka,2003,75.0,19951521
LKA,Sri Lanka,2004,76.5,20087605
LKA,Sri Lanka,2005,78.1,20216524
LKA,Sri Lanka,2006,82.0,20352411
LKA,Sri Lanka,2007,80.0,20492545
LKA,Sri Lanka,2008,82.9,20629378
LKA,Sri Lanka,2009,87.1,20756435
LKA,Sri Lanka,2010,85.3,20879089
LKA,Sri Lanka,2011,87.8,21009048
LKA,Sri Lanka,2012,87.0,21169458
LKA,Sri Lanka,2013,90.2,20585000
LKA,Sri Lanka,2014,92.7,20778000
LKA,Sri Lanka,2015,94.3,20970000
LKA,Sri Lanka,2016,97.5,21209000
LKA,Sri Lanka,2017,97.5,21453000
LKA,Sri Lanka,2018,99.6,21670000
LKA,Sri Lanka,2019,99.8,21803000
LKA,Sri Lanka,2020,100.0,21919000
LKA,Sri Lanka,2021,100.0,22156000
LKA,Sri Lanka,2022,100.0,22181000
LKA,Sri Lanka,2023,100.0,22037000
LKA,Sri Lanka,2024,100.0,21916000
LMY,Low & middle income,2000,72.8514198716747,4905832166
LMY,Low & middle income,2001,73.5189375305666,4982645927
LMY,Low & middle income,2002,74.04839410795,5058611691
LMY,Low & middle income,2003,75.1627496964261,5134151809
LMY,Low & middle income,2004,75.1922710297994,5210186432
LMY,Low & middle income,2005,76.1622254009627,5286284172
LMY,Low & middle income,2006,76.9955705622239,5362644527
LMY,Low & middle income,2007,77.7987542218982,5438471388
LMY,Low & middle income,2008,78.681919816968,5515409827
LMY,Low & middle income,2009,78.9632554785921,5593414145
LMY,Low & middle income,2010,79.6902756646493,5672202320
LMY,Low & middle income,2011,81.0254041647238,5752146479
LMY,Low & middle income,2012,81.5564750427461,5834053766
LMY,Low & middle income,2013,82.5311051839365,5915255859
LMY,Low & middle income,2014,83.1453669500425,5996036961
LMY,Low & middle income,2015,84.1611741682089,6075072158
LMY,Low & middle income,2016,85.5246558169944,6153938165
LMY,Low & middle income,2017,86.5356490857827,6233470764
LMY,Low & middle income,2018,87.6089655146589,6311329885
LMY,Low & middle income,2019,88.0036720417216,6387395177
LMY,Low & middle income,2020,88.3700636132634,6460393883
LMY,Low & middle income,2021,89.5267133602325,6527758150
LMY,Low & middle income,2022,89.4668649583682,6590522389
LMY,Low & middle income,2023,89.8583124845854,6654784822
LMY,Low & middle income,2024,90.2581392015093,6722971301
LSO,Lesotho,2000,4.3,2003913
LSO,Lesotho,2001,1.3,2000853
LSO,Lesotho,2002,3.4,1994679
LSO,Lesotho,2003,5.4,1985059
LSO,Lesotho,2004,6.8,1971129
LSO,Lesotho,2005,9.6,1953076
LSO,Lesotho,2006,9.7,1945063
LSO,Lesotho,2007,13.9,1953268
LSO,Lesotho,2008,16.0,1966541
LSO,Lesotho,2009,17.0,1980883
LSO,Lesotho,2010,17.0,1996251
LSO,Lesotho,2011,22.5,2014009
LSO,Lesotho,2012,20.6,2034354
LSO,Lesotho,2013,26.9,2056504
LSO,Lesotho,2014,27.8,2080089
LSO,Lesotho,2015,31.8,2104611
LSO,Lesotho,2016,35.1,2130422
LSO,Lesotho,2017,33.7,2157110
LSO,Lesotho,2018,47.0,2183603
LSO,Lesotho,2019,44.6,2209405
LSO,Lesotho,2020,47.5,2235727
LSO,Lesotho,2021,50.4,2261542
LSO,Lesotho,2022,50.0,2286110
LSO,Lesotho,2023,57.3,2311472
LSO,Lesotho,2024,60.6,2337423
LTE,Late-demographic dividend,2000,95.2513038887096,2043581322
LTE,Late-demographic dividend,2001,95.9134985246953,2058600486
LTE,Late-demographic dividend,2002,96.2537074525687,2072599555
LTE,Late-demographic dividend,2003,96.4557227481915,2086139068
LTE,Late-demographic dividend,2004,96.7359835008107,2099412663
LTE,Late-demographic dividend,2005,97.1664597205879,2112603351
LTE,Late-demographic dividend,2006,97.8885016443465,2126122277
LTE,Late-demographic dividend,2007,97.6286750102813,2139958608
LTE,Late-demographic dividend,2008,97.9949263472304,2153941306
LTE,Late-demographic dividend,2009,97.6887829474675,2167303374
LTE,Late-demographic dividend,2010,98.3525114394723,2179525352
LTE,Late-demographic dividend,2011,98.6260218375387,2193171336
LTE,Late-demographic dividend,2012,98.7121889212507,2209319631
LTE,Late-demographic dividend,2013,98.8979674454125,2225005187
LTE,Late-demographic dividend,2014,99.0043394238423,2241122152
LTE,Late-demographic dividend,2015,98.7802217306047,2256126712
LTE,Late-demographic dividend,2016,99.1163496922603,2270841806
LTE,Late-demographic dividend,2017,99.2721123074965,2285870134
LTE,Late-demographic dividend,2018,99.2806763593238,2298394042
LTE,Late-demographic dividend,2019,99.3289771232339,2308878047
LTE,Late-demographic dividend,2020,99.3868589993401,2316152452
LTE,Late-demographic dividend,2021,99.4116181639433,2320127658
LTE,Late-demographic dividend,2022,99.4771148328134,2323799602
LTE,Late-demographic dividend,2023,99.4570958130029,2326294294
LTE,Late-demographic dividend,2024,99.5003821979258,2328876323
LTU,Lithuania,2000,99.5,3499536
LTU,Lithuania,2001,99.5,3470818
LTU,Lithuania,2002,99.4,3443067
LTU,Lithuania,2003,99.4,3415213
LTU,Lithuania,2004,99.4,3377075
LTU,Lithuania,2005,99.4,3322528
LTU,Lithuania,2006,99.4,3269909
LTU,Lithuania,2007,99.4,3231294
LTU,Lithuania,2008,99.4,3198231
LTU,Lithuania,2009,99.5,3162916
LTU,Lithuania,2010,99.7,3097282
LTU,Lithuania,2011,99.7,3028115
LTU,Lithuania,2012,100.0,2989139
LTU,Lithuania,2013,100.0,2961250
LTU,Lithuania,2014,100.0,2937253
LTU,Lithuania,2015,100.0,2911109
LTU,Lithuania,2016,100.0,2877325
LTU,Lithuania,2017,100.0,2842639
LTU,Lithuania,2018,100.0,2819200
LTU,Lithuania,2019,100.0,2811089
LTU,Lithuania,2020,100.0,2810369
LTU,Lithuania,2021,100.0,2808380
LTU,Lithuania,2022,100.0,2831639
LTU,Lithuania,2023,100.0,2871585
LTU,Lithuania,2024,100.0,2888278
LUX,Luxembourg,2000,100.0,436300
LUX,Luxembourg,2001,100.0,441525
LUX,Luxembourg,2002,100.0,446175
LUX,Luxembourg,2003,100.0,451630
LUX,Luxembourg,2004,100.0,458095
LUX,Luxembourg,2005,100.0,465158
LUX,Luxembourg,2006,100.0,472637
LUX,Luxembourg,2007,100.0,479993
LUX,Luxembourg,2008,100.0,488650
LUX,Luxembourg,2009,100.0,497783
LUX,Luxembourg,2010,100.0,506953
LUX,Luxembourg,2011,100.0,518347
LUX,Luxembourg,2012,100.0,530946
LUX,Luxembourg,2013,100.0,543360
LUX,Luxembourg,2014,100.0,556319
LUX,Luxembourg,2015,100.0,569604
LUX,Luxembourg,2016,100.0,582014
LUX,Luxembourg,2017,100.0,596336
LUX,Luxembourg,2018,100.0,607950
LUX,Luxembourg,2019,100.0,620001
LUX,Luxembourg,2020,100.0,630419
LUX,Luxembourg,2021,100.0,640064
LUX,Luxembourg,2022,100.0,653103
LUX,Luxembourg,2023,100.0,666430
LUX,Luxembourg,2024,100.0,677012
LVA,Latvia,2000,99.9,2367550
LVA,Latvia,2001,99.9,2337170
LVA,Latvia,2002,99.8,2310173
LVA,Latvia,2003,99.8,2287955
LVA,Latvia,2004,99.7,2263122
LVA,Latvia,2005,99.7,2238799
LVA,Latvia,2006,99.6,2218357
LVA,Latvia,2007,99.7,2200325
LVA,Latvia,2008,99.7,2177322
LVA,Latvia,2009,100.0,2141669
LVA,Latvia,2010,99.8,2097555
LVA,Latvia,2011,99.8,2059709
LVA,Latvia,2012,100.0,2034319
LVA,Latvia,2013,100.0,2012647
LVA,Latvia,2014,100.0,1993782
LVA,Latvia,2015,100.0,1977527
LVA,Latvia,2016,100.0,1959537
LVA,Latvia,2017,100.0,1942248
LVA,Latvia,2018,100.0,1927174
LVA,Latvia,2019,100.0,1913822
LVA,Latvia,2020,100.0,1900449
LVA,Latvia,2021,100.0,1884490
LVA,Latvia,2022,100.0,1879383
LVA,Latvia,2023,100.0,1883710
LVA,Latvia,2024,100.0,1866124
MAC,"Macao SAR, China",2000,100.0,430600
MAC,"Macao SAR, China",2001,100.0,433900
MAC,"Macao SAR, China",2002,100.0,438400
MAC,"Macao SAR, China",2003,100.0,443600
MAC,"Macao SAR, China",2004,100.0,454700
MAC,"Macao SAR, China",2005,100.0,473500
MAC,"Macao SAR, China",2006,100.0,498900
MAC,"Macao SAR, China",2007,100.0,520900
MAC,"Macao SAR, China",2008,100.0,540700
MAC,"Macao SAR, China",2009,100.0,535000
MAC,"Macao SAR, China",2010,100.0,537000
MAC,"Macao SAR, China",2011,100.0,549600
MAC,"Macao SAR, China",2012,100.0,567900
MAC,"Macao SAR, China",2013,100.0,591900
MAC,"Macao SAR, China",2014,100.0,621700
MAC,"Macao SAR, China",2015,100.0,642900
MAC,"Macao SAR, China",2016,100.0,652500
MAC,"Macao SAR, China",2017,100.0,648400
MAC,"Macao SAR, China",2018,100.0,658900
MAC,"Macao SAR, China",2019,100.0,672000
MAC,"Macao SAR, China",2020,100.0,685400
MAC,"Macao SAR, China",2021,100.0,682500
MAC,"Macao SAR, China",2022,100.0,677300
MAC,"Macao SAR, China",2023,100.0,678800
MAC,"Macao SAR, China",2024,100.0,687000
MAF,St. Martin (French part),2000,100.0,29996
MAF,St. Martin (French part),2001,99.9,30803
MAF,St. Martin (French part),2002,99.9,31604
MAF,St. Martin (French part),2003,99.8,32395
MAF,St. Martin (French part),2004,99.8,33171
MAF,St. Martin (French part),2005,99.7,33928
MAF,St. Martin (French part),2006,99.7,34658
MAF,St. Martin (French part),2007,99.7,35337
MAF,St. Martin (French part),2008,99.7,35958
MAF,St. Martin (French part),2009,99.7,36502
MAF,St. Martin (French part),2010,100.0,36856
MAF,St. Martin (French part),2011,100.0,37069
MAF,St. Martin (French part),2012,100.0,37276
MAF,St. Martin (French part),2013,100.0,37419
MAF,St. Martin (French part),2014,100.0,37450
MAF,St. Martin (French part),2015,100.0,37369
MAF,St. Martin (French part),2016,100.0,37175
MAF,St. Martin (French part),2017,100.0,36837
MAF,St. Martin (French part),2018,100.0,36012
MAF,St. Martin (French part),2019,100.0,34267
MAF,St. Martin (French part),2020,100.0,31786
MAF,St. Martin (French part),2021,100.0,29961
MAF,St. Martin (French part),2022,100.0,28870
MAF,St. Martin (French part),2023,100.0,27515
MAF,St. Martin (French part),2024,100.0,26129
MAR,Morocco,2000,69.8,28423435
MAR,Morocco,2001,71.6,28814643
MAR,Morocco,2002,73.3,29198142
MAR,Morocco,2003,75.1,29571415
MAR,Morocco,2004,78.2,29953018
MAR,Morocco,2005,78.6,30358144
MAR,Morocco,2006,96.5,30771178
MAR,Morocco,2007,82.2,31186468
MAR,Morocco,2008,84.1,31606767
MAR,Morocco,2009,85.9,32030778
MAR,Morocco,2010,95.7,32467016
MAR,Morocco,2011,96.1,32912588
MAR,Morocco,2012,96.4,33355241
MAR,Morocco,2013,97.2,33787571
MAR,Morocco,2014,97.3,34204780
MAR,Morocco,2015,97.3,34607588
MAR,Morocco,2016,97.8,35023457
MAR,Morocco,2017,100.0,35446392
MAR,Morocco,2018,98.1,35839760
MAR,Morocco,2019,99.6,36210898
MAR,Morocco,2020,100.0,36584208
MAR,Morocco,2021,100.0,36954442
MAR,Morocco,2022,100.0,37329064
MAR,Morocco,2023,100.0,37712505
MAR,Morocco,2024,100.0,38081173
MCO,Monaco,2000,100.0,32455
MCO,Monaco,2001,100.0,32447
MCO,Monaco,2002,100.0,32422
MCO,Monaco,2003,100.0,32374
MCO,Monaco,2004,100.0,32307
MCO,Monaco,2005,100.0,32210
MCO,Monaco,2006,100.0,32057
MCO,Monaco,2007,100.0,31837
MCO,Monaco,2008,100.0,31836
MCO,Monaco,2009,100.0,32364
MCO,Monaco,2010,100.0,33163
MCO,Monaco,2011,100.0,33946
MCO,Monaco,2012,100.0,34711
MCO,Monaco,2013,100.0,35447
MCO,Monaco,2014,100.0,36128
MCO,Monaco,2015,100.0,36757
MCO,Monaco,2016,100.0,37276
MCO,Monaco,2017,100.0,37678
MCO,Monaco,2018,100.0,38154
MCO,Monaco,2019,100.0,38109
MCO,Monaco,2020,100.0,38050
MCO,Monaco,2021,100.0,38527
MCO,Monaco,2022,100.0,38931
MCO,Monaco,2023,100.0,38956
MCO,Monaco,2024,100.0,38631
MDA,Moldova,2000,98.7,2924668
MDA,Moldova,2001,98.8,2918135
MDA,Moldova,2002,99.0,2911385
MDA,Moldova,2003,98.8,2903198
MDA,Moldova,2004,99.1,2896023
MDA,Moldova,2005,98.6,2888985
MDA,Moldova,2006,98.9,2880967
MDA,Moldova,2007,99.0,2874299
MDA,Moldova,2008,99.1,2868833
MDA,Moldova,2009,99.2,2865213
MDA,Moldova,2010,99.3,2862354
MDA,Moldova,2011,99.4,2860699
MDA,Moldova,2012,99.5,2860324
MDA,Moldova,2013,99.6,2859558
MDA,Moldova,2014,99.8,2857815
MDA,Moldova,2015,99.9,2835978
MDA,Moldova,2016,99.9,2803186
MDA,Moldova,2017,100.0,2755189
MDA,Moldova,2018,100.0,2707203
MDA,Moldova,2019,100.0,2664224
MDA,Moldova,2020,100.0,2635130
MDA,Moldova,2021,100.0,2595809
MDA,Moldova,2022,100.0,2528654
MDA,Moldova,2023,100.0,2457783
MDA,Moldova,2024,100.0,2402306
MDG,Madagascar,2000,12.6,16516338
MDG,Madagascar,2001,14.8,17032939
MDG,Madagascar,2002,14.0,17549913
MDG,Madagascar,2003,20.3,18071854
MDG,Madagascar,2004,15.3,18606608
MDG,Madagascar,2005,16.0,19159707
MDG,Madagascar,2006,16.8,19730909
MDG,Madagascar,2007,17.5,20318583
MDG,Madagascar,2008,18.3,20923840
MDG,Madagascar,2009,17.4,21547280
MDG,Madagascar,2010,12.3,22183340
MDG,Madagascar,2011,14.3,22822300
MDG,Madagascar,2012,18.7,23462438
MDG,Madagascar,2013,12.9,24109290
MDG,Madagascar,2014,23.0,24764348
MDG,Madagascar,2015,23.8,25426702
MDG,Madagascar,2016,22.9,26099952
MDG,Madagascar,2017,24.1,26788375
MDG,Madagascar,2018,36.5,27494926
MDG,Madagascar,2019,31.0,28219554
MDG,Madagascar,2020,32.0,28953556
MDG,Madagascar,2021,35.1,29691083
MDG,Madagascar,2022,36.1,30437261
MDG,Madagascar,2023,39.4,31195932
MDG,Madagascar,2024,42.5,31964956
MDV,Maldives,2000,83.8,282019
MDV,Maldives,2001,87.5,286767
MDV,Maldives,2002,88.3,291616
MDV,Maldives,2003,89.1,296491
MDV,Maldives,2004,90.0,301413
MDV,Maldives,2005,90.9,306429
MDV,Maldives,2006,91.7,313851
MDV,Maldives,2007,92.6,324479
MDV,Maldives,2008,93.6,336170
MDV,Maldives,2009,99.9,348275
MDV,Maldives,2010,99.0,360792
MDV,Maldives,2011,99.1,373674
MDV,Maldives,2012,99.2,386818
MDV,Maldives,2013,99.4,400070
MDV,Maldives,2014,100.0,413617
MDV,Maldives,2015,99.8,428154
MDV,Maldives,2016,100.0,443308
MDV,Maldives,2017,99.8,458287
MDV,Maldives,2018,100.0,473099
MDV,Maldives,2019,100.0,487731
MDV,Maldives,2020,100.0,502118
MDV,Maldives,2021,100.0,516154
MDV,Maldives,2022,100.0,524106
MDV,Maldives,2023,100.0,525994
MDV,Maldives,2024,100.0,527799
MEA,"Middle East, North Africa, Afghanistan & Pakistan",2000,82.5699139042888,494850317
MEA,"Middle East, North Africa, Afghanistan & Pakistan",2001,83.2791761702007,506478256
MEA,"Middle East, North Africa, Afghanistan & Pakistan",2002,83.6085979368698,518193093
MEA,"Middle East, North Africa, Afghanistan & Pakistan",2003,84.5846166554136,530338988
MEA,"Middle East, North Africa, Afghanistan & Pakistan",2004,84.9804101170533,543086512
MEA,"Middle East, North Africa, Afghanistan & Pakistan",2005,85.9579036662094,556210211
MEA,"Middle East, North Africa, Afghanistan & Pakistan",2006,87.6565823004563,569898499
MEA,"Middle East, North Africa, Afghanistan & Pakistan",2007,87.15191140522,583743828
MEA,"Middle East, North Africa, Afghanistan & Pakistan",2008,88.0946609813966,597799097
MEA,"Middle East, North Africa, Afghanistan & Pakistan",2009,88.74034285556,612128501
MEA,"Middle East, North Africa, Afghanistan & Pakistan",2010,90.5608198614909,624828664
MEA,"Middle East, North Africa, Afghanistan & Pakistan",2011,90.7761559347102,639053870
MEA,"Middle East, North Africa, Afghanistan & Pakistan",2012,91.8541213665318,653273442
MEA,"Middle East, North Africa, Afghanistan & Pakistan",2013,93.1479690416445,667464006
MEA,"Middle East, North Africa, Afghanistan & Pakistan",2014,94.0320956677215,680716578
MEA,"Middle East, North Africa, Afghanistan & Pakistan",2015,93.4360655461117,694232973
MEA,"Middle East, North Africa, Afghanistan & Pakistan",2016,95.158764819742,707023525
MEA,"Middle East, North Africa, Afghanistan & Pakistan",2017,96.0012431691978,718887744
MEA,"Middle East, North Africa, Afghanistan & Pakistan",2018,94.9706861712285,730362334
MEA,"Middle East, North Africa, Afghanistan & Pakistan",2019,96.0087072984601,742714463
MEA,"Middle East, North Africa, Afghanistan & Pakistan",2020,96.2621204422818,756405281
MEA,"Middle East, North Africa, Afghanistan & Pakistan",2021,96.4166690553693,767578451
MEA,"Middle East, North Africa, Afghanistan & Pakistan",2022,95.8637945014964,782349366
MEA,"Middle East, North Africa, Afghanistan & Pakistan",2023,96.4226367435274,797801454
MEA,"Middle East, North Africa, Afghanistan & Pakistan",2024,96.7736884722286,813173936
MEX,Mexico,2000,98.0,98625552
MEX,Mexico,2001,97.1,100099099
MEX,Mexico,2002,97.9,101548624
MEX,Mexico,2003,97.4,102978515
MEX,Mexico,2004,98.6,104394131
MEX,Mexico,2005,98.9,105811504
MEX,Mexico,2006,99.1,107253666
MEX,Mexico,2007,97.9,108774360
MEX,Mexico,2008,98.9,110374288
MEX,Mexico,2009,98.3,111999721
MEX,Mexico,2010,99.2,113623895
MEX,Mexico,2011,99.0,115243504
MEX,Mexico,2012,99.1,116818208
MEX,Mexico,2013,99.1,118343573
MEX,Mexico,2014,99.2,119784261
MEX,Mexico,2015,99.0,121072306
MEX,Mexico,2016,99.5,122251351
MEX,Mexico,2017,100.0,123400057
MEX,Mexico,2018,99.5,124573711
MEX,Mexico,2019,99.6,125762982
MEX,Mexico,2020,99.4,126799054
MEX,Mexico,2021,100.0,127648148
MEX,Mexico,2022,100.0,128613117
MEX,Mexico,2023,99.7,129739759
MEX,Mexico,2024,99.8,130861007
MHL,Marshall Islands,2000,68.6,50706
MHL,Marshall Islands,2001,70.1,51123
MHL,Marshall Islands,2002,71.5,51425
MHL,Marshall Islands,2003,72.9,51639
MHL,Marshall Islands,2004,74.3,51791
MHL,Marshall Islands,2005,75.7,51906
MHL,Marshall Islands,2006,77.2,51992
MHL,Marshall Islands,2007,72.3,52035
MHL,Marshall Islands,2008,80.2,52030
MHL,Marshall Islands,2009,81.7,52019
MHL,Marshall Islands,2010,89.4,52044
MHL,Marshall Islands,2011,89.9,51907
MHL,Marshall Islands,2012,90.4,51419
MHL,Marshall Islands,2013,90.9,50681
MHL,Marshall Islands,2014,91.5,49796
MHL,Marshall Islands,2015,92.1,48800
MHL,Marshall Islands,2016,92.7,47709
MHL,Marshall Islands,2017,93.8,46529
MHL,Marshall Islands,2018,95.3,45285
MHL,Marshall Islands,2019,96.8,44007
MHL,Marshall Islands,2020,98.3,42706
MHL,Marshall Islands,2021,99.8,41367
MHL,Marshall Islands,2022,100.0,40077
MHL,Marshall Islands,2023,100.0,38827
MHL,Marshall Islands,2024,97.2,37548
MIC,Middle income,2000,77.2780697166774,4520892472
MIC,Middle income,2001,78.0004397282332,4587166020
MIC,Middle income,2002,78.6092343039253,4651354120
MIC,Middle income,2003,79.7546774378514,4714626871
MIC,Middle income,2004,79.7965470620457,4778500089
MIC,Middle income,2005,80.9491417290175,4841973136
MIC,Middle income,2006,81.72183061819,4904910704
MIC,Middle income,2007,82.6771542934438,4967108168
MIC,Middle income,2008,83.7730246649828,5030372259
MIC,Middle income,2009,84.2882935656254,5094380988
MIC,Middle income,2010,85.0122491524685,5158880800
MIC,Middle income,2011,86.5181591427215,5224254229
MIC,Middle income,2012,86.8660111839785,5291702846
MIC,Middle income,2013,87.8925900364422,5359014668
MIC,Middle income,2014,88.5002027830649,5425923034
MIC,Middle income,2015,89.6952302950203,5490559951
MIC,Middle income,2016,90.7202018281775,5553928978
MIC,Middle income,2017,91.7393285084935,5616970904
MIC,Middle income,2018,92.8753397189939,5677402468
MIC,Middle income,2019,93.2550308654154,5735139879
MIC,Middle income,2020,93.6017586619471,5789502859
MIC,Middle income,2021,94.8051776493539,5838421323
MIC,Middle income,2022,94.8234868349066,5882746344
MIC,Middle income,2023,95.1313255374831,5927622764
MIC,Middle income,2024,95.4429311855908,5975818672
MKD,North Macedonia,2000,99.0,2026350
MKD,North Macedonia,2001,99.0,2034882
MKD,North Macedonia,2002,99.0,2020157
MKD,North Macedonia,2003,99.0,2022725
MKD,North Macedonia,2004,99.4,2016186
MKD,North Macedonia,2005,99.1,2005330
MKD,North Macedonia,2006,99.0,1994287
MKD,North Macedonia,2007,99.1,1982933
MKD,North Macedonia,2008,99.2,1971493
MKD,North Macedonia,2009,99.2,1958782
MKD,North Macedonia,2010,99.5,1946298
MKD,North Macedonia,2011,99.7,1937398
MKD,North Macedonia,2012,99.6,1929821
MKD,North Macedonia,2013,99.7,1922716
MKD,North Macedonia,2014,99.8,1917557
MKD,North Macedonia,2015,99.9,1912430
MKD,North Macedonia,2016,100.0,1906313
MKD,North Macedonia,2017,100.0,1898657
MKD,North Macedonia,2018,99.8,1889051
MKD,North Macedonia,2019,100.0,1876262
MKD,North Macedonia,2020,100.0,1856124
MKD,North Macedonia,2021,100.0,1837114
MKD,North Macedonia,2022,100.0,1831712
MKD,North Macedonia,2023,100.0,1827816
MKD,North Macedonia,2024,100.0,1824359
MLI,Mali,2000,9.6,11559290
MLI,Mali,2001,10.8,11912158
MLI,Mali,2002,13.0,12288050
MLI,Mali,2003,14.7,12684955
MLI,Mali,2004,16.4,13102409
MLI,Mali,2005,18.2,13538647
MLI,Mali,2006,16.6,13990139
MLI,Mali,2007,21.7,14457775
MLI,Mali,2008,23.4,14940782
MLI,Mali,2009,24.0,15435539
MLI,Mali,2010,27.0,15945198
MLI,Mali,2011,28.8,16469049
MLI,Mali,2012,25.6,16957033
MLI,Mali,2013,32.4,17459615
MLI,Mali,2014,34.2,18020267
MLI,Mali,2015,37.6,18593022
MLI,Mali,2016,38.8,19191289
MLI,Mali,2017,34.8,19813011
MLI,Mali,2018,50.9,20442030
MLI,Mali,2019,47.9,21068405
MLI,Mali,2020,50.6,21713836
MLI,Mali,2021,53.4,22388630
MLI,Mali,2022,53.0,23072640
MLI,Mali,2023,54.5,23769127
MLI,Mali,2024,49.5,24478595
MLT,Malta,2000,100.0,390087
MLT,Malta,2001,100.0,393028
MLT,Malta,2002,100.0,395969
MLT,Malta,2003,100.0,398582
MLT,Malta,2004,100.0,401268
MLT,Malta,2005,100.0,403834
MLT,Malta,2006,100.0,405308
MLT,Malta,2007,100.0,406724
MLT,Malta,2008,100.0,409379
MLT,Malta,2009,100.0,412477
MLT,Malta,2010,100.0,414508
MLT,Malta,2011,100.0,416268
MLT,Malta,2012,100.0,420028
MLT,Malta,2013,100.0,424810
MLT,Malta,2014,100.0,433481
MLT,Malta,2015,100.0,444220
MLT,Malta,2016,100.0,454505
MLT,Malta,2017,100.0,467106
MLT,Malta,2018,100.0,483903
MLT,Malta,2019,100.0,503912
MLT,Malta,2020,100.0,515490
MLT,Malta,2021,100.0,518150
MLT,Malta,2022,100.0,531113
MLT,Malta,2023,100.0,552747
MLT,Malta,2024,100.0,568847
MMR,Myanmar,2000,41.9,45290841
MMR,Myanmar,2001,43.0,45771139
MMR,Myanmar,2002,47.0,46232653
MMR,Myanmar,2003,45.1,46667192
MMR,Myanmar,2004,46.2,47068772
MMR,Myanmar,2005,47.3,47438365
MMR,Myanmar,2006,48.4,47785135
MMR,Myanmar,2007,49.5,48125043
MMR,Myanmar,2008,50.6,48390793
MMR,Myanmar,2009,51.8,48660459
MMR,Myanmar,2010,48.8,49024382
MMR,Myanmar,2011,54.1,49419820
MMR,Myanmar,2012,55.3,49837446
MMR,Myanmar,2013,56.5,50262658
MMR,Myanmar,2014,52.0,50681634
MMR,Myanmar,2015,60.5,51089056
MMR,Myanmar,2016,55.6,51495696
MMR,Myanmar,2017,69.8,51894938
MMR,Myanmar,2018,66.1,52272247
MMR,Myanmar,2019,68.3,52640713
MMR,Myanmar,2020,70.4,53016522
MMR,Myanmar,2021,72.5,53387102
MMR,Myanmar,2022,73.7,53756787
MMR,Myanmar,2023,76.8,54133798
MMR,Myanmar,2024,80.4,54500091
MNA,"Middle East, North Africa, Afghanistan & Pakistan (excluding high income)",2000,81.3700939457665,462980522
MNA,"Middle East, North Africa, Afghanistan & Pakistan (excluding high income)",2001,82.1041626354686,473223662
MNA,"Middle East, North Africa, Afghanistan & Pakistan (excluding high income)",2002,82.4339201108434,483540516
MNA,"Middle East, North Africa, Afghanistan & Pakistan (excluding high income)",2003,83.4603130572668,494288606
MNA,"Middle East, North Africa, Afghanistan & Pakistan (excluding high income)",2004,83.867411215778,505618583
MNA,"Middle East, North Africa, Afghanistan & Pakistan (excluding high income)",2005,84.9004337403584,517240777
MNA,"Middle East, North Africa, Afghanistan & Pakistan (excluding high income)",2006,86.7067349035165,529158464
MNA,"Middle East, North Africa, Afghanistan & Pakistan (excluding high income)",2007,86.1326479228012,540838105
MNA,"Middle East, North Africa, Afghanistan & Pakistan (excluding high income)",2008,87.1227921210742,552681993
MNA,"Middle East, North Africa, Afghanistan & Pakistan (excluding high income)",2009,87.8019637831564,565038251
MNA,"Middle East, North Africa, Afghanistan & Pakistan (excluding high income)",2010,89.7853987089534,577396038
MNA,"Middle East, North Africa, Afghanistan & Pakistan (excluding high income)",2011,90.0032683061914,589646039
MNA,"Middle East, North Africa, Afghanistan & Pakistan (excluding high income)",2012,91.1539591115329,601566988
MNA,"Middle East, North Africa, Afghanistan & Pakistan (excluding high income)",2013,92.5410186202545,613151287
MNA,"Middle East, North Africa, Afghanistan & Pakistan (excluding high income)",2014,93.4955408707138,624564062
MNA,"Middle East, North Africa, Afghanistan & Pakistan (excluding high income)",2015,92.8277634911895,635352686
MNA,"Middle East, North Africa, Afghanistan & Pakistan (excluding high income)",2016,94.7049071241041,645837915
MNA,"Middle East, North Africa, Afghanistan & Pakistan (excluding high income)",2017,95.6230221837644,656767614
MNA,"Middle East, North Africa, Afghanistan & Pakistan (excluding high income)",2018,94.5093636648155,668447432
MNA,"Middle East, North Africa, Afghanistan & Pakistan (excluding high income)",2019,95.6437471934695,680490997
MNA,"Middle East, North Africa, Afghanistan & Pakistan (excluding high income)",2020,95.9173702775193,692532027
MNA,"Middle East, North Africa, Afghanistan & Pakistan (excluding high income)",2021,96.0956018888668,704458802
MNA,"Middle East, North Africa, Afghanistan & Pakistan (excluding high income)",2022,95.483714372763,716508657
MNA,"Middle East, North Africa, Afghanistan & Pakistan (excluding high income)",2023,96.0854287468734,729077445
MNA,"Middle East, North Africa, Afghanistan & Pakistan (excluding high income)",2024,96.4627415717196,741690916
MNE,Montenegro,2000,99.1,604950
MNE,Montenegro,2001,99.1,607389
MNE,Montenegro,2002,99.0,609828
MNE,Montenegro,2003,99.0,612267
MNE,Montenegro,2004,99.0,613353
MNE,Montenegro,2005,99.8,614261
MNE,Montenegro,2006,99.0,615025
MNE,Montenegro,2007,99.0,615875
MNE,Montenegro,2008,99.0,616969
MNE,Montenegro,2009,99.1,618294
MNE,Montenegro,2010,99.2,619428
MNE,Montenegro,2011,99.0,620345
MNE,Montenegro,2012,99.3,621418
MNE,Montenegro,2013,99.7,622587
MNE,Montenegro,2014,97.7,623744
MNE,Montenegro,2015,99.5,624651
MNE,Montenegro,2016,99.6,625353
MNE,Montenegro,2017,100.0,625982
MNE,Montenegro,2018,100.0,626438
MNE,Montenegro,2019,100.0,626753
MNE,Montenegro,2020,99.9,626590
MNE,Montenegro,2021,99.8,625053
MNE,Montenegro,2022,100.0,623591
MNE,Montenegro,2023,100.0,623529
MNE,Montenegro,2024,100.0,623525
MNG,Mongolia,2000,67.3,2388299
MNG,Mongolia,2001,71.7,2417751
MNG,Mongolia,2002,72.8,2449027
MNG,Mongolia,2003,76.3,2480374
MNG,Mongolia,2004,74.8,2508412
MNG,Mongolia,2005,86.2,2536407
MNG,Mongolia,2006,77.0,2567168
MNG,Mongolia,2007,78.1,2601850
MNG,Mongolia,2008,79.2,2643201
MNG,Mongolia,2009,80.3,2691115
MNG,Mongolia,2010,78.5,2738622
MNG,Mongolia,2011,72.1,2786317
MNG,Mongolia,2012,83.7,2839705
MNG,Mongolia,2013,81.2,2899011
MNG,Mongolia,2014,86.0,2963113
MNG,Mongolia,2015,88.0,3026864
MNG,Mongolia,2016,90.8,3088856
MNG,Mongolia,2017,93.6,3148917
MNG,Mongolia,2018,98.1,3208189
MNG,Mongolia,2019,98.9,3267673
MNG,Mongolia,2020,99.5,3327204
MNG,Mongolia,2021,100.0,3383741
MNG,Mongolia,2022,100.0,3433748
MNG,Mongolia,2023,100.0,3481145
MNG,Mongolia,2024,99.1,3524788
MNP,Northern Mariana Islands,2000,100.0,68356
MNP,Northern Mariana Islands,2001,100.0,67984
MNP,Northern Mariana Islands,2002,99.9,66778
MNP,Northern Mariana Islands,2003,99.9,65421
MNP,Northern Mariana Islands,2004,99.8,63938
MNP,Northern Mariana Islands,2005,99.8,62354
MNP,Northern Mariana Islands,2006,99.7,60682
MNP,Northern Mariana Islands,2007,100.0,58941
MNP,Northern Mariana Islands,2008,100.0,57150
MNP,Northern Mariana Islands,2009,100.0,55325
MNP,Northern Mariana Islands,2010,100.0,54091
MNP,Northern Mariana Islands,2011,100.0,53608
MNP,Northern Mariana Islands,2012,100.0,53234
MNP,Northern Mariana Islands,2013,100.0,52758
MNP,Northern Mariana Islands,2014,100.0,52178
MNP,Northern Mariana Islands,2015,100.0,51514
MNP,Northern Mariana Islands,2016,100.0,50773
MNP,Northern Mariana Islands,2017,100.0,49959
MNP,Northern Mariana Islands,2018,100.0,49077
MNP,Northern Mariana Islands,2019,100.0,48129
MNP,Northern Mariana Islands,2020,100.0,47528
MNP,Northern Mariana Islands,2021,100.0,46979
MNP,Northern Mariana Islands,2022,100.0,46078
MNP,Northern Mariana Islands,2023,100.0,45143
MNP,Northern Mariana Islands,2024,100.0,44278
MOZ,Mozambique,2000,6.1,18129653
MOZ,Mozambique,2001,5.7,18537729
MOZ,Mozambique,2002,8.4,18958338
MOZ,Mozambique,2003,8.1,19392475
MOZ,Mozambique,2004,10.7,19840313
MOZ,Mozambique,2005,11.8,20304569
MOZ,Mozambique,2006,13.0,20787087
MOZ,Mozambique,2007,12.4,21287635
MOZ,Mozambique,2008,13.6,21819036
MOZ,Mozambique,2009,15.0,22391745
MOZ,Mozambique,2010,18.9,22999235
MOZ,Mozambique,2011,20.2,23649039
MOZ,Mozambique,2012,21.2,24337846
MOZ,Mozambique,2013,22.4,25051611
MOZ,Mozambique,2014,24.8,25788475
MOZ,Mozambique,2015,24.0,26547572
MOZ,Mozambique,2016,26.2,27337105
MOZ,Mozambique,2017,24.3,28166393
MOZ,Mozambique,2018,31.1,29018644
MOZ,Mozambique,2019,29.7,29884380
MOZ,Mozambique,2020,30.6,30783688
MOZ,Mozambique,2021,31.5,31707800
MOZ,Mozambique,2022,33.2,32656246
MOZ,Mozambique,2023,36.0,33635160
MOZ,Mozambique,2024,36.9,34631766
MRT,Mauritania,2000,19.1,2613441
MRT,Mauritania,2001,22.2,2678760
MRT,Mauritania,2002,21.7,2738655
MRT,Mauritania,2003,23.0,2802046
MRT,Mauritania,2004,24.3,2868664
MRT,Mauritania,2005,18.2,2939059
MRT,Mauritania,2006,27.0,3013660
MRT,Mauritania,2007,33.0,3093059
MRT,Mauritania,2008,30.0,3183269
MRT,Mauritania,2009,31.1,3284448
MRT,Mauritania,2010,34.2,3390965
MRT,Mauritania,2011,35.3,3502811
MRT,Mauritania,2012,36.4,3619034
MRT,Mauritania,2013,37.6,3734318
MRT,Mauritania,2014,38.8,3848514
MRT,Mauritania,2015,39.5,3965959
MRT,Mauritania,2016,41.2,4086657
MRT,Mauritania,2017,42.9,4210600
MRT,Mauritania,2018,43.6,4337685
MRT,Mauritania,2019,44.9,4467708
MRT,Mauritania,2020,45.4,4600131
MRT,Mauritania,2021,47.7,4734874
MRT,Mauritania,2022,49.0,4875637
MRT,Mauritania,2023,50.3,5022441
MRT,Mauritania,2024,52.2,5169395
MUS,Mauritius,2000,99.0,1186873
MUS,Mauritius,2001,99.2,1196287
MUS,Mauritius,2002,99.4,1204621
MUS,Mauritius,2003,99.1,1213370
MUS,Mauritius,2004,99.0,1221003
MUS,Mauritius,2005,99.0,1228254
MUS,Mauritius,2006,99.0,1233996
MUS,Mauritius,2007,99.0,1239630
MUS,Mauritius,2008,99.0,1244121
MUS,Mauritius,2009,99.0,1247429
MUS,Mauritius,2010,99.4,1250400
MUS,Mauritius,2011,99.6,1252404
MUS,Mauritius,2012,99.4,1255882
MUS,Mauritius,2013,99.4,1258927
MUS,Mauritius,2014,99.5,1261208
MUS,Mauritius,2015,99.6,1262879
MUS,Mauritius,2016,99.7,1263747
MUS,Mauritius,2017,99.6,1264887
MUS,Mauritius,2018,99.8,1265577
MUS,Mauritius,2019,100.0,1265985
MUS,Mauritius,2020,99.5,1266014
MUS,Mauritius,2021,99.6,1266334
MUS,Mauritius,2022,100.0,1262523
MUS,Mauritius,2023,100.0,1248647
MUS,Mauritius,2024,100.0,1245779
MWI,Malawi,2000,4.8,11315942
MWI,Malawi,2001,5.2,11593058
MWI,Malawi,2002,5.6,11880440
MWI,Malawi,2003,6.2,12181574
MWI,Malawi,2004,6.9,12500737
MWI,Malawi,2005,6.6,12840031
MWI,Malawi,2006,3.7,13198701
MWI,Malawi,2007,7.4,13576343
MWI,Malawi,2008,7.8,13976417
MWI,Malawi,2009,8.3,14395788
MWI,Malawi,2010,8.7,14826463
MWI,Malawi,2011,7.6,15265022
MWI,Malawi,2012,7.4,15709577
MWI,Malawi,2013,9.0,16161816
MWI,Malawi,2014,11.9,16621538
MWI,Malawi,2015,10.8,17085587
MWI,Malawi,2016,11.0,17557739
MWI,Malawi,2017,12.7,18039715
MWI,Malawi,2018,18.0,18528081
MWI,Malawi,2019,11.2,19025752
MWI,Malawi,2020,11.5,19533888
MWI,Malawi,2021,14.2,20047258
MWI,Malawi,2022,14.0,20568728
MWI,Malawi,2023,15.6,21104482
MWI,Malawi,2024,15.6,21655286
MYS,Malaysia,2000,98.6,22967816
MYS,Malaysia,2001,98.6,23526538
MYS,Malaysia,2002,98.6,24102477
MYS,Malaysia,2003,98.7,24679602
MYS,Malaysia,2004,98.7,25256772
MYS,Malaysia,2005,98.7,25836071
MYS,Malaysia,2006,98.8,26417909
MYS,Malaysia,2007,98.9,26998389
MYS,Malaysia,2008,99.0,27570059
MYS,Malaysia,2009,99.3,28124778
MYS,Malaysia,2010,99.5,28655776
MYS,Malaysia,2011,99.5,29162039
MYS,Malaysia,2012,99.8,29662831
MYS,Malaysia,2013,99.6,30174265
MYS,Malaysia,2014,99.7,30696137
MYS,Malaysia,2015,99.9,31232798
MYS,Malaysia,2016,99.9,31789685
MYS,Malaysia,2017,100.0,32355644
MYS,Malaysia,2018,100.0,32910967
MYS,Malaysia,2019,100.0,33440596
MYS,Malaysia,2020,100.0,33889558
MYS,Malaysia,2021,100.0,34282399
MYS,Malaysia,2022,100.0,34695493
MYS,Malaysia,2023,100.0,35126298
MYS,Malaysia,2024,100.0,35557673
NAC,North America,2000,100.0,312909691
NAC,North America,2001,100.0,316051677
NAC,North America,2002,100.0,319046534
NAC,North America,2003,100.0,321812780
NAC,North America,2004,100.0,324806660
NAC,North America,2005,100.0,327822042
NAC,North America,2006,100.0,331013939
NAC,North America,2007,100.0,334183103
NAC,North America,2008,100.0,337404564
NAC,North America,2009,100.0,340465163
NAC,North America,2010,100.0,343447854
NAC,North America,2011,100.0,346242415
NAC,North America,2012,100.0,349116140
NAC,North America,2013,100.0,351870848
NAC,North America,2014,100.0,354755155
NAC,North America,2015,100.0,357583083
NAC,North America,2016,100.0,360527592
NAC,North America,2017,100.0,363217262
NAC,North America,2018,100.0,365666028
NAC,North America,2019,100.0,367908829
NAC,North America,2020,100.0,369671124
NAC,North America,2021,100.0,370404678
NAC,North America,2022,100.0,373011185
NAC,North America,2023,100.0,376868838
NAC,North America,2024,100.0,381330762
NAM,Namibia,2000,36.5,1818647
NAM,Namibia,2001,36.0,1857048
NAM,Namibia,2002,36.9,1889970
NAM,Namibia,2003,37.8,1917464
NAM,Namibia,2004,38.7,1942082
NAM,Namibia,2005,39.6,1966582
NAM,Namibia,2006,40.5,1991888
NAM,Namibia,2007,43.7,2018600
NAM,Namibia,2008,42.4,2047056
NAM,Namibia,2009,44.1,2077394
NAM,Namibia,2010,44.4,2109811
NAM,Namibia,2011,42.3,2146325
NAM,Namibia,2012,46.4,2194654
NAM,Namibia,2013,47.4,2252508
NAM,Namibia,2014,48.4,2312139
NAM,Namibia,2015,51.6,2374300
NAM,Namibia,2016,49.7,2439213
NAM,Namibia,2017,52.5,2506853
NAM,Namibia,2018,52.3,2577327
NAM,Namibia,2019,53.3,2650494
NAM,Namibia,2020,52.3,2728762
NAM,Namibia,2021,55.2,2810548
NAM,Namibia,2022,56.2,2889662
NAM,Namibia,2023,56.7,2963095
NAM,Namibia,2024,59.3,3030131
NCL,New Caledonia,2000,100.0,223098
NCL,New Caledonia,2001,100.0,227707
NCL,New Caledonia,2002,100.0,232236
NCL,New Caledonia,2003,100.0,236678
NCL,New Caledonia,2004,100.0,240852
NCL,New Caledonia,2005,100.0,244381
NCL,New Caledonia,2006,100.0,247547
NCL,New Caledonia,2007,100.0,250725
NCL,New Caledonia,2008,100.0,253825
NCL,New Caledonia,2009,100.0,257250
NCL,New Caledonia,2010,100.0,261582
NCL,New Caledonia,2011,100.0,266543
NCL,New Caledonia,2012,100.0,271633
NCL,New Caledonia,2013,100.0,276822
NCL,New Caledonia,2014,100.0,281224
NCL,New Caledonia,2015,100.0,283168
NCL,New Caledonia,2016,100.0,283423
NCL,New Caledonia,2017,100.0,283546
NCL,New Caledonia,2018,100.0,283541
NCL,New Caledonia,2019,100.0,283606
NCL,New Caledonia,2020,100.0,284176
NCL,New Caledonia,2021,100.0,285214
NCL,New Caledonia,2022,100.0,287123
NCL,New Caledonia,2023,100.0,289870
NCL,New Caledonia,2024,100.0,292639
NER,Niger,2000,6.5,11509630
NER,Niger,2001,8.4,11920647
NER,Niger,2002,8.8,12349144
NER,Niger,2003,9.3,12796984
NER,Niger,2004,9.7,13265836
NER,Niger,2005,7.1,13756192
NER,Niger,2006,9.3,14268581
NER,Niger,2007,11.2,14803610
NER,Niger,2008,11.8,15361915
NER,Niger,2009,12.3,15943675
NER,Niger,2010,13.6,16548835
NER,Niger,2011,14.3,17176283
NER,Niger,2012,14.4,17836769
NER,Niger,2013,15.2,18519898
NER,Niger,2014,15.7,19215909
NER,Niger,2015,16.6,19939498
NER,Niger,2016,17.0,20685753
NER,Niger,2017,17.6,21435446
NER,Niger,2018,17.6,22188069
NER,Niger,2019,18.5,22947757
NER,Niger,2020,18.7,23717613
NER,Niger,2021,18.6,24502140
NER,Niger,2022,19.5,25311973
NER,Niger,2023,20.1,26159867
NER,Niger,2024,21.3,27032412
NGA,Nigeria,2000,43.2,126382494
NGA,Nigeria,2001,43.9,129862595
NGA,Nigeria,2002,44.6,133471989
NGA,Nigeria,2003,52.2,137202644
NGA,Nigeria,2004,46.1,141057045
NGA,Nigeria,2005,46.8,145017253
NGA,Nigeria,2006,47.6,149077334
NGA,Nigeria,2007,50.1,153267261
NGA,Nigeria,2008,50.3,157595014
NGA,Nigeria,2009,50.0,162049464
NGA,Nigeria,2010,48.0,166642886
NGA,Nigeria,2011,55.9,171379598
NGA,Nigeria,2012,53.0,176200625
NGA,Nigeria,2013,55.6,181049443
NGA,Nigeria,2014,54.2,185896915
NGA,Nigeria,2015,52.5,190671878
NGA,Nigeria,2016,59.3,195443700
NGA,Nigeria,2017,54.4,200254579
NGA,Nigeria,2018,56.5,204938755
NGA,Nigeria,2019,55.4,209485641
NGA,Nigeria,2020,55.4,213996181
NGA,Nigeria,2021,59.5,218529286
NGA,Nigeria,2022,60.5,223150896
NGA,Nigeria,2023,61.2,227882945
NGA,Nigeria,2024,62.5,232679478
NIC,Nicaragua,2000,73.0,5022633
NIC,Nicaragua,2001,72.2,5087825
NIC,Nicaragua,2002,74.1,5149909
NIC,Nicaragua,2003,74.6,5210963
NIC,Nicaragua,2004,75.2,5272912
NIC,Nicaragua,2005,73.8,5342105
NIC,Nicaragua,2006,76.3,5418855
NIC,Nicaragua,2007,76.9,5497243
NIC,Nicaragua,2008,77.5,5576593
NIC,Nicaragua,2009,77.9,5656601
NIC,Nicaragua,2010,80.1,5737450
NIC,Nicaragua,2011,81.2,5819051
NIC,Nicaragua,2012,81.3,5901287
NIC,Nicaragua,2013,81.9,5983845
NIC,Nicaragua,2014,81.9,6066492
NIC,Nicaragua,2015,83.2,6149417
NIC,Nicaragua,2016,83.9,6232666
NIC,Nicaragua,2017,84.6,6316231
NIC,Nicaragua,2018,85.2,6400080
NIC,Nicaragua,2019,85.7,6483657
NIC,Nicaragua,2020,86.0,6565267
NIC,Nicaragua,2021,86.3,6644741
NIC,Nicaragua,2022,86.5,6730654
NIC,Nicaragua,2023,88.3,6823613
NIC,Nicaragua,2024,88.7,6916140
NLD,Netherlands,2000,100.0,15925513
NLD,Netherlands,2001,100.0,16046180
NLD,Netherlands,2002,100.0,16148929
NLD,Netherlands,2003,100.0,16225302
NLD,Netherlands,2004,100.0,16281779
NLD,Netherlands,2005,100.0,16319868
NLD,Netherlands,2006,100.0,16346101
NLD,Netherlands,2007,100.0,16381696
NLD,Netherlands,2008,100.0,16445593
NLD,Netherlands,2009,100.0,16530388
NLD,Netherlands,2010,100.0,16615394
NLD,Netherlands,2011,100.0,16693074
NLD,Netherlands,2012,100.0,16754962
NLD,Netherlands,2013,100.0,16804432
NLD,Netherlands,2014,100.0,16865008
NLD,Netherlands,2015,100.0,16939923
NLD,Netherlands,2016,100.0,17030314
NLD,Netherlands,2017,100.0,17131296
NLD,Netherlands,2018,100.0,17231624
NLD,Netherlands,2019,100.0,17344874
NLD,Netherlands,2020,100.0,17441500
NLD,Netherlands,2021,100.0,17533044
NLD,Netherlands,2022,100.0,17700982
NLD,Netherlands,2023,100.0,17877117
NLD,Netherlands,2024,100.0,17993485
NOR,Norway,2000,100.0,4490967
NOR,Norway,2001,100.0,4513751
NOR,Norway,2002,100.0,4538159
NOR,Norway,2003,100.0,4564855
NOR,Norway,2004,100.0,4591910
NOR,Norway,2005,100.0,4623291
NOR,Norway,2006,100.0,4660677
NOR,Norway,2007,100.0,4709153
NOR,Norway,2008,100.0,4768212
NOR,Norway,2009,100.0,4828726
NOR,Norway,2010,100.0,4889252
NOR,Norway,2011,100.0,4953088
NOR,Norway,2012,100.0,5018573
NOR,Norway,2013,100.0,5079623
NOR,Norway,2014,100.0,5137232
NOR,Norway,2015,100.0,5188607
NOR,Norway,2016,100.0,5234519
NOR,Norway,2017,100.0,5276968
NOR,Norway,2018,100.0,5311916
NOR,Norway,2019,100.0,5347896
NOR,Norway,2020,100.0,5379475
NOR,Norway,2021,100.0,5408320
NOR,Norway,2022,100.0,5457127
NOR,Norway,2023,100.0,5519601
NOR,Norway,2024,100.0,5572279
NPL,Nepal,2000,29.9,24546509
NPL,Nepal,2001,24.6,24946748
NPL,Nepal,2002,36.4,25328981
NPL,Nepal,2003,39.6,25688758
NPL,Nepal,2004,37.2,26016656
NPL,Nepal,2005,46.1,26309458
NPL,Nepal,2006,51.2,26565425
NPL,Nepal,2007,52.6,26788492
NPL,Nepal,2008,56.0,26990037
NPL,Nepal,2009,59.3,27173035
NPL,Nepal,2010,68.6,27341952
NPL,Nepal,2011,67.3,27464494
NPL,Nepal,2012,75.2,27534915
NPL,Nepal,2013,77.4,27589996
NPL,Nepal,2014,84.9,27672370
NPL,Nepal,2015,82.0,27823629
NPL,Nepal,2016,90.7,27955462
NPL,Nepal,2017,86.6,28011258
NPL,Nepal,2018,93.9,28079689
NPL,Nepal,2019,89.9,28414064
NPL,Nepal,2020,89.9,28966574
NPL,Nepal,2021,89.9,29475010
NPL,Nepal,2022,91.3,29715436
NPL,Nepal,2023,94.0,29694614
NPL,Nepal,2024,97.9,29651054
NRU,Naoero,2000,99.1,10168
NRU,Naoero,2001,99.0,10130
NRU,Naoero,2002,99.0,10082
NRU,Naoero,2003,99.0,10059
NRU,Naoero,2004,99.0,10060
NRU,Naoero,2005,99.0,10049
NRU,Naoero,2006,99.0,10034
NRU,Naoero,2007,99.8,10020
NRU,Naoero,2008,99.1,10009
NRU,Naoero,2009,99.1,10016
NRU,Naoero,2010,99.2,10043
NRU,Naoero,2011,99.0,10098
NRU,Naoero,2012,99.4,10267
NRU,Naoero,2013,99.4,10517
NRU,Naoero,2014,99.5,10742
NRU,Naoero,2015,99.0,10954
NRU,Naoero,2016,99.7,11150
NRU,Naoero,2017,99.8,11324
NRU,Naoero,2018,99.9,11477
NRU,Naoero,2019,100.0,11587
NRU,Naoero,2020,100.0,11643
NRU,Naoero,2021,100.0,11709
NRU,Naoero,2022,100.0,11801
NRU,Naoero,2023,100.0,11875
NRU,Naoero,2024,100.0,11947
NZL,New Zealand,2000,100.0,3857700
NZL,New Zealand,2001,100.0,3880500
NZL,New Zealand,2002,100.0,3948500
NZL,New Zealand,2003,100.0,4027200
NZL,New Zealand,2004,100.0,4087500
NZL,New Zealand,2005,100.0,4133900
NZL,New Zealand,2006,100.0,4184600
NZL,New Zealand,2007,100.0,4223800
NZL,New Zealand,2008,100.0,4259800
NZL,New Zealand,2009,100.0,4302600
NZL,New Zealand,2010,100.0,4350700
NZL,New Zealand,2011,100.0,4384000
NZL,New Zealand,2012,100.0,4408100
NZL,New Zealand,2013,100.0,4442100
NZL,New Zealand,2014,100.0,4516500
NZL,New Zealand,2015,100.0,4609400
NZL,New Zealand,2016,100.0,4714100
NZL,New Zealand,2017,100.0,4813600
NZL,New Zealand,2018,100.0,4900600
NZL,New Zealand,2019,100.0,4970300
NZL,New Zealand,2020,100.0,5072400
NZL,New Zealand,2021,100.0,5084600
NZL,New Zealand,2022,100.0,5081700
NZL,New Zealand,2023,100.0,5200000
NZL,New Zealand,2024,100.0,5290000
OED,OECD members,2000,99.6355291285159,1202226474
OED,OECD members,2001,99.6605225869064,1211109104
OED,OECD members,2002,99.6034955899274,1220101353
OED,OECD members,2003,99.5827208408458,1229012217
OED,OECD members,2004,99.666228773057,1237896576
OED,OECD members,2005,99.7390734427573,1246656490
OED,OECD members,2006,99.7396526812623,1255746646
OED,OECD members,2007,99.6287855276073,1264728255
OED,OECD members,2008,99.7439647923726,1274711058
OED,OECD members,2009,99.6917727585993,1283973216
OED,OECD members,2010,99.8076262147082,1292701737
OED,OECD members,2011,99.7872116882093,1299644689
OED,OECD members,2012,99.8129467749549,1307733583
OED,OECD members,2013,99.835031540964,1315426979
OED,OECD members,2014,99.8480257662197,1323458714
OED,OECD members,2015,99.8393576230718,1331674197
OED,OECD members,2016,99.8959369290422,1340141055
OED,OECD members,2017,99.9408589463576,1348125258
OED,OECD members,2018,99.8987530248709,1356197538
OED,OECD members,2019,99.940072384951,1364143219
OED,OECD members,2020,99.9329793160221,1369306579
OED,OECD members,2021,100.0,1371780402
OED,OECD members,2022,100.0,1378591781
OED,OECD members,2023,99.922945762566,1387846131
OED,OECD members,2024,99.9247308566563,1396826761
OMN,Oman,2000,100.0,2282131
OMN,Oman,2001,100.0,2310217
OMN,Oman,2002,100.0,2337140
OMN,Oman,2003,100.0,2363796
OMN,Oman,2004,100.0,2404821
OMN,Oman,2005,99.9,2459802
OMN,Oman,2006,99.9,2514795
OMN,Oman,2007,100.0,2570174
OMN,Oman,2008,100.0,2626529
OMN,Oman,2009,100.0,2684659
OMN,Oman,2010,100.0,2757446
OMN,Oman,2011,100.0,3076763
OMN,Oman,2012,100.0,3547106
OMN,Oman,2013,100.0,3833913
OMN,Oman,2014,100.0,4002439
OMN,Oman,2015,100.0,4184895
OMN,Oman,2016,100.0,4390877
OMN,Oman,2017,100.0,4537396
OMN,Oman,2018,100.0,4597877
OMN,Oman,2019,100.0,4591241
OMN,Oman,2020,100.0,4522497
OMN,Oman,2021,100.0,4500424
OMN,Oman,2022,100.0,4730226
OMN,Oman,2023,100.0,5049269
OMN,Oman,2024,100.0,5281538
OSS,Other small states,2000,71.1132956718053,9788238
OSS,Other small states,2001,72.8655376367779,9961679
OSS,Other small states,2002,72.1259448622127,10136134
OSS,Other small states,2003,73.1695370111875,10269557
OSS,Other small states,2004,74.5260416028874,10371059
OSS,Other small states,2005,75.7984756834167,10479844
OSS,Other small states,2006,76.1827098373868,10601352
OSS,Other small states,2007,77.6573850936105,10730365
OSS,Other small states,2008,78.4662641033856,10862640
OSS,Other small states,2009,78.9212198624386,10989567
OSS,Other small states,2010,79.8432778556983,11112466
OSS,Other small states,2011,82.3763169043455,11226214
OSS,Other small states,2012,83.2159663044917,11346082
OSS,Other small states,2013,84.0687457795862,11466589
OSS,Other small states,2014,85.5436919645938,11591200
OSS,Other small states,2015,86.4520330481869,11722398
OSS,Other small states,2016,87.8544041310444,11851918
OSS,Other small states,2017,89.3280026877149,11989367
OSS,Other small states,2018,90.472453074168,12135267
OSS,Other small states,2019,91.8035513133262,12281907
OSS,Other small states,2020,92.8384985004429,12417333
OSS,Other small states,2021,93.8560728212473,12541889
OSS,Other small states,2022,93.9605317818207,12699005
OSS,Other small states,2023,94.4954692175265,12822134
OSS,Other small states,2024,94.5434268711783,12931878
PAK,Pakistan,2000,72.8,154879127
PAK,Pakistan,2001,73.9,159270907
PAK,Pakistan,2002,74.9,163222549
PAK,Pakistan,2003,76.0,167110248
PAK,Pakistan,2004,77.0,171286000
PAK,Pakistan,2005,78.1,175453212
PAK,Pakistan,2006,79.1,179682690
PAK,Pakistan,2007,80.2,184493231
PAK,Pakistan,2008,81.4,189499113
PAK,Pakistan,2009,82.5,194376534
PAK,Pakistan,2010,87.1,199239047
PAK,Pakistan,2011,87.8,203746065
PAK,Pakistan,2012,88.6,207667125
PAK,Pakistan,2013,89.3,211073978
PAK,Pakistan,2014,90.1,214264647
PAK,Pakistan,2015,91.0,217290883
PAK,Pakistan,2016,91.8,220138869
PAK,Pakistan,2017,92.7,223273967
PAK,Pakistan,2018,93.4,226928892
PAK,Pakistan,2019,93.9,230800899
PAK,Pakistan,2020,94.5,235001746
PAK,Pakistan,2021,94.9,239477801
PAK,Pakistan,2022,95.0,243700667
PAK,Pakistan,2023,95.6,247504495
PAK,Pakistan,2024,95.7,251269164
PAN,Panama,2000,81.4,3010369
PAN,Panama,2001,81.5,3069537
PAN,Panama,2002,82.1,3129344
PAN,Panama,2003,87.8,3189807
PAN,Panama,2004,83.4,3251155
PAN,Panama,2005,84.1,3313026
PAN,Panama,2006,84.8,3375024
PAN,Panama,2007,85.5,3437490
PAN,Panama,2008,86.3,3500648
PAN,Panama,2009,87.0,3564381
PAN,Panama,2010,86.8,3628535
PAN,Panama,2011,88.6,3693505
PAN,Panama,2012,89.3,3759256
PAN,Panama,2013,89.1,3825329
PAN,Panama,2014,90.8,3892101
PAN,Panama,2015,91.6,3960035
PAN,Panama,2016,92.4,4029086
PAN,Panama,2017,93.7,4098707
PAN,Panama,2018,93.8,4167860
PAN,Panama,2019,93.9,4234700
PAN,Panama,2020,95.3,4293261
PAN,Panama,2021,95.3,4345405
PAN,Panama,2022,95.0,4400773
PAN,Panama,2023,97.0,4458759
PAN,Panama,2024,96.0,4515577
PER,Peru,2000,72.5,26598331
PER,Peru,2001,72.1,26964601
PER,Peru,2002,74.4,27288217
PER,Peru,2003,74.4,27580490
PER,Peru,2004,75.7,27852190
PER,Peru,2005,77.2,28101180
PER,Peru,2006,80.2,28324491
PER,Peru,2007,82.0,28530699
PER,Peru,2008,84.7,28719041
PER,Peru,2009,86.4,28896811
PER,Peru,2010,88.1,29086019
PER,Peru,2011,89.7,29304086
PER,Peru,2012,91.1,29550366
PER,Peru,2013,92.1,29817919
PER,Peru,2014,92.9,30115826
PER,Peru,2015,93.9,30457600
PER,Peru,2016,94.2,30866494
PER,Peru,2017,94.8,31324637
PER,Peru,2018,95.2,31897584
PER,Peru,2019,95.6,32449303
PER,Peru,2020,96.2,32838579
PER,Peru,2021,95.6,33155882
PER,Peru,2022,96.2,33475438
PER,Peru,2023,96.2,33845617
PER,Peru,2024,96.5,34217848
PHL,Philippines,2000,74.7,79625397
PHL,Philippines,2001,75.7,81401488
PHL,Philippines,2002,76.7,83068889
PHL,Philippines,2003,76.6,84731835
PHL,Philippines,2004,87.6,86394504
PHL,Philippines,2005,79.8,88015962
PHL,Philippines,2006,80.2,89508986
PHL,Philippines,2007,82.0,91075184
PHL,Philippines,2008,83.3,92699095
PHL,Philippines,2009,84.3,94384250
PHL,Philippines,2010,85.5,96337125
PHL,Philippines,2011,87.2,98248614
PHL,Philippines,2012,87.1,100175512
PHL,Philippines,2013,87.5,102076336
PHL,Philippines,2014,89.8,103767130
PHL,Philippines,2015,89.1,105312992
PHL,Philippines,2016,92.0,106735719
PHL,Philippines,2017,93.0,108119693
PHL,Philippines,2018,94.2,109465287
PHL,Philippines,2019,95.3,110804683
PHL,Philippines,2020,96.4,112081264
PHL,Philippines,2021,97.5,113100950
PHL,Philippines,2022,94.8,113964338
PHL,Philippines,2023,98.0,114891199
PHL,Philippines,2024,94.8,115843670
PLW,Palau,2000,97.9,19178
PLW,Palau,2001,98.0,19352
PLW,Palau,2002,98.0,19503
PLW,Palau,2003,98.1,19659
PLW,Palau,2004,98.1,19820
PLW,Palau,2005,98.9,19819
PLW,Palau,2006,98.3,19593
PLW,Palau,2007,98.4,19302
PLW,Palau,2008,98.5,19009
PLW,Palau,2009,98.6,18709
PLW,Palau,2010,98.8,18396
PLW,Palau,2011,98.9,18078
PLW,Palau,2012,97.6,17765
PLW,Palau,2013,99.2,17648
PLW,Palau,2014,99.8,17715
PLW,Palau,2015,99.5,17770
PLW,Palau,2016,100.0,17797
PLW,Palau,2017,100.0,17812
PLW,Palau,2018,100.0,17814
PLW,Palau,2019,100.0,17798
PLW,Palau,2020,100.0,17792
PLW,Palau,2021,100.0,17783
PLW,Palau,2022,100.0,17759
PLW,Palau,2023,100.0,17727
PLW,Palau,2024,100.0,17695
PNG,Papua New Guinea,2000,12.4,5537064
PNG,Papua New Guinea,2001,12.7,5728435
PNG,Papua New Guinea,2002,13.1,5924003
PNG,Papua New Guinea,2003,13.4,6123997
PNG,Papua New Guinea,2004,13.8,6328041
PNG,Papua New Guinea,2005,14.1,6535905
PNG,Papua New Guinea,2006,12.4,6747720
PNG,Papua New Guinea,2007,14.9,6963345
PNG,Papua New Guinea,2008,15.3,7183002
PNG,Papua New Guinea,2009,17.2,7406438
PNG,Papua New Guinea,2010,19.5,7633523
PNG,Papua New Guinea,2011,17.3,7859346
PNG,Papua New Guinea,2012,17.5,8081390
PNG,Papua New Guinea,2013,17.8,8302698
PNG,Papua New Guinea,2014,18.1,8523441
PNG,Papua New Guinea,2015,18.4,8743246
PNG,Papua New Guinea,2016,13.5,8961718
PNG,Papua New Guinea,2017,19.2,9178714
PNG,Papua New Guinea,2018,16.6,9394513
PNG,Papua New Guinea,2019,23.6,9609010
PNG,Papua New Guinea,2020,20.5,9815746
PNG,Papua New Guinea,2021,20.9,10012896
PNG,Papua New Guinea,2022,19.0,10203169
PNG,Papua New Guinea,2023,20.5,10389635
PNG,Papua New Guinea,2024,43.3,10576502
POL,Poland,2000,100.0,38258629
POL,Poland,2001,100.0,38248076
POL,Poland,2002,100.0,38230364
POL,Poland,2003,99.9,38204570
POL,Poland,2004,99.9,38182222
POL,Poland,2005,99.8,38165445
POL,Poland,2006,99.8,38141267
POL,Poland,2007,99.8,38120560
POL,Poland,2008,99.8,38125759
POL,Poland,2009,100.0,38151603
POL,Poland,2010,100.0,38042794
POL,Poland,2011,100.0,38063255
POL,Poland,2012,100.0,38063164
POL,Poland,2013,100.0,38040196
POL,Poland,2014,100.0,38011735
POL,Poland,2015,100.0,37986412
POL,Poland,2016,100.0,37970087
POL,Poland,2017,100.0,37974826
POL,Poland,2018,100.0,37974750
POL,Poland,2019,100.0,37965475
POL,Poland,2020,100.0,37515748
POL,Poland,2021,100.0,36981559
POL,Poland,2022,100.0,36821749
POL,Poland,2023,100.0,36687353
POL,Poland,2024,100.0,36559233
PRE,Pre-demographic dividend,2000,24.8773648842159,562071710
PRE,Pre-demographic dividend,2001,26.1893208579933,578214152
PRE,Pre-demographic dividend,2002,27.0156430603898,595728391
PRE,Pre-demographic dividend,2003,29.5074049873495,613871091
PRE,Pre-demographic dividend,2004,29.0171914818597,632030219
PRE,Pre-demographic dividend,2005,29.7551436826789,650889143
PRE,Pre-demographic dividend,2006,31.0220812450439,669788208
PRE,Pre-demographic dividend,2007,32.3547012106704,688282695
PRE,Pre-demographic dividend,2008,32.1585618077132,708363596
PRE,Pre-demographic dividend,2009,32.2387188706753,729873044
PRE,Pre-demographic dividend,2010,32.7206426489856,751639870
PRE,Pre-demographic dividend,2011,36.1212191704977,774151525
PRE,Pre-demographic dividend,2012,37.5007052148145,797555707
PRE,Pre-demographic dividend,2013,38.4095912462678,821651825
PRE,Pre-demographic dividend,2014,39.8903694751135,845885930
PRE,Pre-demographic dividend,2015,40.116553542693,869996107
PRE,Pre-demographic dividend,2016,44.6703060990128,894582467
PRE,Pre-demographic dividend,2017,44.3558795540309,919835947
PRE,Pre-demographic dividend,2018,47.1030867324641,945516605
PRE,Pre-demographic dividend,2019,47.5849028108597,971459360
PRE,Pre-demographic dividend,2020,48.3815278923719,997742595
PRE,Pre-demographic dividend,2021,50.5123491097242,1024018110
PRE,Pre-demographic dividend,2022,51.0976149094662,1050180429
PRE,Pre-demographic dividend,2023,52.5242986079524,1077143557
PRE,Pre-demographic dividend,2024,54.321949964552,1104843110
PRI,Puerto Rico (US),2000,100.0,3810605
PRI,Puerto Rico (US),2001,100.0,3818774
PRI,Puerto Rico (US),2002,100.0,3823701
PRI,Puerto Rico (US),2003,100.0,3826095
PRI,Puerto Rico (US),2004,100.0,3826878
PRI,Puerto Rico (US),2005,100.0,3821362
PRI,Puerto Rico (US),2006,100.0,3805214
PRI,Puerto Rico (US),2007,100.0,3782995
PRI,Puerto Rico (US),2008,100.0,3760866
PRI,Puerto Rico (US),2009,100.0,3740410
PRI,Puerto Rico (US),2010,100.0,3724465
PRI,Puerto Rico (US),2011,100.0,3693464
PRI,Puerto Rico (US),2012,100.0,3661045
PRI,Puerto Rico (US),2013,100.0,3631427
PRI,Puerto Rico (US),2014,100.0,3585017
PRI,Puerto Rico (US),2015,100.0,3535167
PRI,Puerto Rico (US),2016,100.0,3480432
PRI,Puerto Rico (US),2017,100.0,3410837
PRI,Puerto Rico (US),2018,100.0,3290690
PRI,Puerto Rico (US),2019,100.0,3302691
PRI,Puerto Rico (US),2020,100.0,3281591
PRI,Puerto Rico (US),2021,100.0,3262731
PRI,Puerto Rico (US),2022,100.0,3220148
PRI,Puerto Rico (US),2023,100.0,3203794
PRI,Puerto Rico (US),2024,100.0,3202521
PRK,"Korea, Dem. People's Rep.",2000,,23665910
PRK,"Korea, Dem. People's Rep.",2001,,23815358
PRK,"Korea, Dem. People's Rep.",2002,,23943973
PRK,"Korea, Dem. People's Rep.",2003,,24090380
PRK,"Korea, Dem. People's Rep.",2004,,24254943
PRK,"Korea, Dem. People's Rep.",2005,,24396433
PRK,"Korea, Dem. People's Rep.",2006,,24524507
PRK,"Korea, Dem. People's Rep.",2007,,24646383
PRK,"Korea, Dem. People's Rep.",2008,,24764618
PRK,"Korea, Dem. People's Rep.",2009,26.0,24878332
PRK,"Korea, Dem. People's Rep.",2010,29.3,24987258
PRK,"Korea, Dem. People's Rep.",2011,31.4,25097874
PRK,"Korea, Dem. People's Rep.",2012,33.6,25211728
PRK,"Korea, Dem. People's Rep.",2013,35.7,25329451
PRK,"Korea, Dem. People's Rep.",2014,37.8,25451262
PRK,"Korea, Dem. People's Rep.",2015,40.0,25575350
PRK,"Korea, Dem. People's Rep.",2016,42.1,25698326
PRK,"Korea, Dem. People's Rep.",2017,44.2,25817709
PRK,"Korea, Dem. People's Rep.",2018,46.3,25931147
PRK,"Korea, Dem. People's Rep.",2019,48.4,26037632
PRK,"Korea, Dem. People's Rep.",2020,50.5,26136312
PRK,"Korea, Dem. People's Rep.",2021,52.6,26232534
PRK,"Korea, Dem. People's Rep.",2022,54.7,26328845
PRK,"Korea, Dem. People's Rep.",2023,57.5,26418204
PRK,"Korea, Dem. People's Rep.",2024,61.4,26498823
PRT,Portugal,2000,100.0,10289898
PRT,Portugal,2001,100.0,10362722
PRT,Portugal,2002,100.0,10419631
PRT,Portugal,2003,100.0,10458821
PRT,Portugal,2004,100.0,10483861
PRT,Portugal,2005,100.0,10503330
PRT,Portugal,2006,100.0,10522288
PRT,Portugal,2007,100.0,10542964
PRT,Portugal,2008,100.0,10558177
PRT,Portugal,2009,100.0,10568247
PRT,Portugal,2010,100.0,10573100
PRT,Portugal,2011,100.0,10557560
PRT,Portugal,2012,100.0,10514844
PRT,Portugal,2013,100.0,10457295
PRT,Portugal,2014,100.0,10401062
PRT,Portugal,2015,100.0,10358076
PRT,Portugal,2016,100.0,10325452
PRT,Portugal,2017,100.0,10300300
PRT,Portugal,2018,100.0,10283822
PRT,Portugal,2019,100.0,10286263
PRT,Portugal,2020,100.0,10297081
PRT,Portugal,2021,100.0,10361831
PRT,Portugal,2022,100.0,10434332
PRT,Portugal,2023,100.0,10578174
PRT,Portugal,2024,100.0,10694681
PRY,Paraguay,2000,89.6,5100868
PRY,Paraguay,2001,91.0,5187689
PRY,Paraguay,2002,91.7,5261328
PRY,Paraguay,2003,92.6,5326436
PRY,Paraguay,2004,93.2,5388175
PRY,Paraguay,2005,94.7,5448097
PRY,Paraguay,2006,96.7,5505148
PRY,Paraguay,2007,96.5,5559386
PRY,Paraguay,2008,96.7,5613574
PRY,Paraguay,2009,96.9,5671236
PRY,Paraguay,2010,97.4,5737971
PRY,Paraguay,2011,98.2,5814626
PRY,Paraguay,2012,97.8,5897008
PRY,Paraguay,2013,99.0,5982445
PRY,Paraguay,2014,99.0,6069811
PRY,Paraguay,2015,99.3,6159103
PRY,Paraguay,2016,98.4,6249126
PRY,Paraguay,2017,99.3,6338660
PRY,Paraguay,2018,99.6,6427382
PRY,Paraguay,2019,99.7,6515058
PRY,Paraguay,2020,99.7,6603739
PRY,Paraguay,2021,100.0,6684182
PRY,Paraguay,2022,100.0,6760464
PRY,Paraguay,2023,99.8,6844146
PRY,Paraguay,2024,99.8,6929153
PSE,West Bank and Gaza,2000,99.7,2922153
PSE,West Bank and Gaza,2001,99.1,2997784
PSE,West Bank and Gaza,2002,99.2,3075373
PSE,West Bank and Gaza,2003,99.1,3154969
PSE,West Bank and Gaza,2004,99.5,3236626
PSE,West Bank and Gaza,2005,99.6,3320396
PSE,West Bank and Gaza,2006,99.7,3406334
PSE,West Bank and Gaza,2007,98.8,3494496
PSE,West Bank and Gaza,2008,99.8,3591977
PSE,West Bank and Gaza,2009,99.9,3689099
PSE,West Bank and Gaza,2010,99.9,3786161
PSE,West Bank and Gaza,2011,99.7,3882986
PSE,West Bank and Gaza,2012,99.8,3979998
PSE,West Bank and Gaza,2013,99.9,4076708
PSE,West Bank and Gaza,2014,99.9,4173398
PSE,West Bank and Gaza,2015,99.9,4270092
PSE,West Bank and Gaza,2016,100.0,4367088
PSE,West Bank and Gaza,2017,99.9,4454805
PSE,West Bank and Gaza,2018,100.0,4569087
PSE,West Bank and Gaza,2019,100.0,4685306
PSE,West Bank and Gaza,2020,100.0,4803269
PSE,West Bank and Gaza,2021,100.0,4922749
PSE,West Bank and Gaza,2022,100.0,5043612
PSE,West Bank and Gaza,2023,100.0,5165775
PSE,West Bank and Gaza,2024,100.0,5289152
PSS,Pacific island small states,2000,55.2875180803359,2042274
PSS,Pacific island small states,2001,56.6328134447056,2069097
PSS,Pacific island small states,2002,58.333247934756,2095273
PSS,Pacific island small states,2003,59.4337402008496,2120592
PSS,Pacific island small states,2004,60.6186578451227,2145505
PSS,Pacific island small states,2005,62.2414370499196,2170029
PSS,Pacific island small states,2006,61.6671146830488,2194265
PSS,Pacific island small states,2007,63.9376929353584,2218230
PSS,Pacific island small states,2008,67.26129946415,2240739
PSS,Pacific island small states,2009,64.8201897407066,2262456
PSS,Pacific island small states,2010,71.7961252713048,2289399
PSS,Pacific island small states,2011,72.8044582293327,2320899
PSS,Pacific island small states,2012,73.8316460480866,2351924
PSS,Pacific island small states,2013,72.6617984322668,2382931
PSS,Pacific island small states,2014,76.5754031125716,2414338
PSS,Pacific island small states,2015,78.5477895035505,2445989
PSS,Pacific island small states,2016,79.9083422592839,2477794
PSS,Pacific island small states,2017,82.1041734677982,2509999
PSS,Pacific island small states,2018,82.69782730903,2542009
PSS,Pacific island small states,2019,84.3434350882329,2568656
PSS,Pacific island small states,2020,86.1939811336602,2595522
PSS,Pacific island small states,2021,85.6708178235478,2625493
PSS,Pacific island small states,2022,85.6038100577211,2656049
PSS,Pacific island small states,2023,88.8705713618501,2689224
PSS,Pacific island small states,2024,88.2672275917394,2722467
PST,Post-demographic dividend,2000,99.7150166440245,1021150563
PST,Post-demographic dividend,2001,99.7255593140198,1026105872
PST,Post-demographic dividend,2002,99.7316007227745,1031302538
PST,Post-demographic dividend,2003,99.7555451096394,1036498631
PST,Post-demographic dividend,2004,99.7721994027259,1041890752
PST,Post-demographic dividend,2005,99.8064210710187,1047140108
PST,Post-demographic dividend,2006,99.8027859638569,1052866351
PST,Post-demographic dividend,2007,99.830497747895,1059147302
PST,Post-demographic dividend,2008,99.8432655331659,1065603711
PST,Post-demographic dividend,2009,99.8622101103662,1071118156
PST,Post-demographic dividend,2010,99.8801524112079,1076208648
PST,Post-demographic dividend,2011,99.8927586055928,1079468050
PST,Post-demographic dividend,2012,99.9029465280479,1084193277
PST,Post-demographic dividend,2013,99.91888365851,1088423167
PST,Post-demographic dividend,2014,99.9320556078746,1093024476
PST,Post-demographic dividend,2015,99.9447341377698,1097889139
PST,Post-demographic dividend,2016,99.9577816305613,1102965925
PST,Post-demographic dividend,2017,99.971122525168,1107159559
PST,Post-demographic dividend,2018,99.9821600556642,1111104033
PST,Post-demographic dividend,2019,99.9932424627619,1114895817
PST,Post-demographic dividend,2020,99.9972400773978,1117003860
PST,Post-demographic dividend,2021,99.9988344208097,1116578102
PST,Post-demographic dividend,2022,100.0,1117420833
PST,Post-demographic dividend,2023,100.0,1121263972
PST,Post-demographic dividend,2024,100.0,1128299339
PYF,French Polynesia,2000,100.0,240337
PYF,French Polynesia,2001,100.0,244097
PYF,French Polynesia,2002,100.0,247775
PYF,French Polynesia,2003,100.0,251637
PYF,French Polynesia,2004,100.0,255654
PYF,French Polynesia,2005,100.0,259507
PYF,French Polynesia,2006,100.0,263223
PYF,French Polynesia,2007,100.0,266438
PYF,French Polynesia,2008,100.0,268379
PYF,French Polynesia,2009,100.0,269481
PYF,French Polynesia,2010,100.0,270580
PYF,French Polynesia,2011,100.0,271727
PYF,French Polynesia,2012,100.0,273084
PYF,French Polynesia,2013,100.0,274728
PYF,French Polynesia,2014,100.0,276387
PYF,French Polynesia,2015,100.0,277866
PYF,French Polynesia,2016,100.0,279178
PYF,French Polynesia,2017,100.0,280087
PYF,French Polynesia,2018,100.0,279815
PYF,French Polynesia,2019,100.0,279034
PYF,French Polynesia,2020,100.0,279209
PYF,French Polynesia,2021,100.0,279792
PYF,French Polynesia,2022,100.0,280378
PYF,French Polynesia,2023,100.0,281118
PYF,French Polynesia,2024,100.0,281807
QAT,Qatar,2000,100.0,644989
QAT,Qatar,2001,100.0,677925
QAT,Qatar,2002,100.0,711205
QAT,Qatar,2003,100.0,744682
QAT,Qatar,2004,100.0,773332
QAT,Qatar,2005,100.0,825408
QAT,Qatar,2006,100.0,972831
QAT,Qatar,2007,100.0,1208595
QAT,Qatar,2008,100.0,1426938
QAT,Qatar,2009,100.0,1608903
QAT,Qatar,2010,100.0,1616832
QAT,Qatar,2011,100.0,1624761
QAT,Qatar,2012,100.0,1722438
QAT,Qatar,2013,100.0,1916426
QAT,Qatar,2014,100.0,2151745
QAT,Qatar,2015,100.0,2344557
QAT,Qatar,2016,100.0,2477113
QAT,Qatar,2017,100.0,2545820
QAT,Qatar,2018,100.0,2580734
QAT,Qatar,2019,100.0,2638657
QAT,Qatar,2020,100.0,2794148
QAT,Qatar,2021,100.0,2504910
QAT,Qatar,2022,100.0,2657333
QAT,Qatar,2023,100.0,2656032
QAT,Qatar,2024,100.0,2857822
ROU,Romania,2000,94.4,22442971
ROU,Romania,2001,94.6,22131970
ROU,Romania,2002,94.9,21730496
ROU,Romania,2003,95.1,21574326
ROU,Romania,2004,95.3,21451748
ROU,Romania,2005,95.6,21319685
ROU,Romania,2006,95.9,21193760
ROU,Romania,2007,96.1,20882982
ROU,Romania,2008,96.5,20537875
ROU,Romania,2009,96.8,20367487
ROU,Romania,2010,97.1,20246871
ROU,Romania,2011,97.4,20147528
ROU,Romania,2012,97.8,20058035
ROU,Romania,2013,98.1,19983693
ROU,Romania,2014,98.4,19908979
ROU,Romania,2015,98.8,19815616
ROU,Romania,2016,99.1,19702267
ROU,Romania,2017,100.0,19588715
ROU,Romania,2018,99.8,19473970
ROU,Romania,2019,100.0,19371648
ROU,Romania,2020,100.0,19265250
ROU,Romania,2021,100.0,19122059
ROU,Romania,2022,100.0,19048502
ROU,Romania,2023,100.0,19061062
ROU,Romania,2024,100.0,19051804
RUS,Russian Federation,2000,97.8,146596869
RUS,Russian Federation,2001,97.9,145976482
RUS,Russian Federation,2002,97.9,145306497
RUS,Russian Federation,2003,97.9,144648618
RUS,Russian Federation,2004,98.0,144067316
RUS,Russian Federation,2005,98.0,143518814
RUS,Russian Federation,2006,98.1,143049637
RUS,Russian Federation,2007,98.2,142805114
RUS,Russian Federation,2008,98.3,142742366
RUS,Russian Federation,2009,98.4,142785348
RUS,Russian Federation,2010,99.3,142849468
RUS,Russian Federation,2011,99.2,143018195
RUS,Russian Federation,2012,100.0,143378447
RUS,Russian Federation,2013,100.0,143805638
RUS,Russian Federation,2014,100.0,144237223
RUS,Russian Federation,2015,95.5,144640716
RUS,Russian Federation,2016,99.4,145015460
RUS,Russian Federation,2017,100.0,145293260
RUS,Russian Federation,2018,100.0,145398106
RUS,Russian Federation,2019,99.8,145453291
RUS,Russian Federation,2020,99.9,145245148
RUS,Russian Federation,2021,100.0,144746762
RUS,Russian Federation,2022,100.0,144236933
RUS,Russian Federation,2023,100.0,143826130
RUS,Russian Federation,2024,100.0,143669648
RWA,Rwanda,2000,6.2,8213931
RWA,Rwanda,2001,4.7,8287094
RWA,Rwanda,2002,6.0,8400180
RWA,Rwanda,2003,7.4,8586875
RWA,Rwanda,2004,8.7,8816844
RWA,Rwanda,2005,4.8,9054528
RWA,Rwanda,2006,11.4,9299246
RWA,Rwanda,2007,12.8,9549933
RWA,Rwanda,2008,6.0,9804269
RWA,Rwanda,2009,15.6,10060432
RWA,Rwanda,2010,9.7,10317553
RWA,Rwanda,2011,10.8,10573733
RWA,Rwanda,2012,17.5,10829901
RWA,Rwanda,2013,15.2,11093340
RWA,Rwanda,2014,19.8,11364757
RWA,Rwanda,2015,22.8,11640022
RWA,Rwanda,2016,29.4,11919183
RWA,Rwanda,2017,34.1,12202060
RWA,Rwanda,2018,38.0,12487996
RWA,Rwanda,2019,46.6,12776103
RWA,Rwanda,2020,45.2,13065837
RWA,Rwanda,2021,48.7,13355260
RWA,Rwanda,2022,50.6,13651030
RWA,Rwanda,2023,63.9,13954471
RWA,Rwanda,2024,72.0,14256567
SAS,South Asia,2000,56.7664246764092,1237185482
SAS,South Asia,2001,58.3485213159577,1260149056
SAS,South Asia,2002,59.415783976672,1282584796
SAS,South Asia,2003,62.3411030558805,1304347790
SAS,South Asia,2004,61.4842830339197,1325950587
SAS,South Asia,2005,65.8536460162923,1346886384
SAS,South Asia,2006,65.9235565867572,1367187349
SAS,South Asia,2007,69.284881859242,1386949456
SAS,South Asia,2008,71.778258866002,1406047164
SAS,South Asia,2009,72.9865860973521,1425370200
SAS,South Asia,2010,74.0765736340237,1444967010
SAS,South Asia,2011,77.3091651585732,1464372623
SAS,South Asia,2012,78.4195444509049,1483553073
SAS,South Asia,2013,80.847453203069,1501661991
SAS,South Asia,2014,82.8480224291431,1519839246
SAS,South Asia,2015,86.5327784624672,1537370078
SAS,South Asia,2016,88.3184480403398,1555111864
SAS,South Asia,2017,91.3983728307397,1572520427
SAS,South Asia,2018,94.8192024055978,1589164714
SAS,South Asia,2019,95.4698953988653,1605412986
SAS,South Asia,2020,96.4013617397441,1621073417
SAS,South Asia,2021,99.3693129133951,1634785356
SAS,South Asia,2022,99.0895114731934,1648009565
SAS,South Asia,2023,99.4087889697405,1662580579
SAS,South Asia,2024,99.8246424902051,1677384532
SAU,Saudi Arabia,2000,100.0,16177722
SAU,Saudi Arabia,2001,100.0,17041397
SAU,Saudi Arabia,2002,100.0,17910910
SAU,Saudi Arabia,2003,100.0,18786767
SAU,Saudi Arabia,2004,100.0,19669480
SAU,Saudi Arabia,2005,100.0,20559890
SAU,Saudi Arabia,2006,100.0,21459144
SAU,Saudi Arabia,2007,100.0,22368313
SAU,Saudi Arabia,2008,100.0,23287877
SAU,Saudi Arabia,2009,100.0,24217654
SAU,Saudi Arabia,2010,100.0,23978487
SAU,Saudi Arabia,2011,100.0,25091867
SAU,Saudi Arabia,2012,100.0,26168861
SAU,Saudi Arabia,2013,100.0,27624004
SAU,Saudi Arabia,2014,100.0,28309273
SAU,Saudi Arabia,2015,100.0,29816382
SAU,Saudi Arabia,2016,99.9,30954198
SAU,Saudi Arabia,2017,100.0,30977355
SAU,Saudi Arabia,2018,99.9,30196281
SAU,Saudi Arabia,2019,100.0,30063799
SAU,Saudi Arabia,2020,100.0,31552510
SAU,Saudi Arabia,2021,100.0,30784383
SAU,Saudi Arabia,2022,100.0,32175224
SAU,Saudi Arabia,2023,100.0,33702731
SAU,Saudi Arabia,2024,100.0,35300280
SDN,Sudan,2000,23.0,27816745
SDN,Sudan,2001,29.4,28516770
SDN,Sudan,2002,29.7,29228727
SDN,Sudan,2003,29.9,29896035
SDN,Sudan,2004,30.2,30556637
SDN,Sudan,2005,30.5,31262444
SDN,Sudan,2006,30.8,31992435
SDN,Sudan,2007,31.1,32764135
SDN,Sudan,2008,20.0,33623980
SDN,Sudan,2009,29.0,34569113
SDN,Sudan,2010,36.0,35414399
SDN,Sudan,2011,38.3,36140806
SDN,Sudan,2012,40.7,36923178
SDN,Sudan,2013,43.1,37785849
SDN,Sudan,2014,44.9,38823318
SDN,Sudan,2015,48.0,40024431
SDN,Sudan,2016,50.5,41259892
SDN,Sudan,2017,53.0,42714306
SDN,Sudan,2018,55.3,44230596
SDN,Sudan,2019,57.6,45548175
SDN,Sudan,2020,59.7,46789231
SDN,Sudan,2021,61.8,48066924
SDN,Sudan,2022,63.2,49383346
SDN,Sudan,2023,66.0,50042791
SDN,Sudan,2024,66.0,50448963
SEN,Senegal,2000,37.7,9968260
SEN,Senegal,2001,38.9,10212942
SEN,Senegal,2002,36.8,10466214
SEN,Senegal,2003,41.9,10721176
SEN,Senegal,2004,36.8,10975704
SEN,Senegal,2005,47.1,11235472
SEN,Senegal,2006,49.9,11500094
SEN,Senegal,2007,48.1,11770344
SEN,Senegal,2008,49.7,12048959
SEN,Senegal,2009,53.5,12337389
SEN,Senegal,2010,56.5,12635413
SEN,Senegal,2011,56.5,12958897
SEN,Senegal,2012,56.5,13310495
SEN,Senegal,2013,57.0,13710849
SEN,Senegal,2014,61.0,14152102
SEN,Senegal,2015,60.5,14593331
SEN,Senegal,2016,64.5,15034521
SEN,Senegal,2017,61.7,15475002
SEN,Senegal,2018,66.0,15914498
SEN,Senegal,2019,70.4,16352922
SEN,Senegal,2020,64.3,16789219
SEN,Senegal,2021,68.0,17220867
SEN,Senegal,2022,67.9,17651103
SEN,Senegal,2023,74.2,18077573
SEN,Senegal,2024,82.9,18501984
SGP,Singapore,2000,100.0,4027887
SGP,Singapore,2001,100.0,4138012
SGP,Singapore,2002,100.0,4175950
SGP,Singapore,2003,100.0,4114826
SGP,Singapore,2004,100.0,4166664
SGP,Singapore,2005,100.0,4265762
SGP,Singapore,2006,100.0,4401365
SGP,Singapore,2007,100.0,4588599
SGP,Singapore,2008,100.0,4839396
SGP,Singapore,2009,100.0,4987573
SGP,Singapore,2010,100.0,5076732
SGP,Singapore,2011,100.0,5183688
SGP,Singapore,2012,100.0,5312437
SGP,Singapore,2013,100.0,5399162
SGP,Singapore,2014,100.0,5469724
SGP,Singapore,2015,100.0,5535002
SGP,Singapore,2016,100.0,5607283
SGP,Singapore,2017,100.0,5612253
SGP,Singapore,2018,100.0,5638676
SGP,Singapore,2019,100.0,5703569
SGP,Singapore,2020,100.0,5685807
SGP,Singapore,2021,100.0,5453566
SGP,Singapore,2022,100.0,5637022
SGP,Singapore,2023,100.0,5917648
SGP,Singapore,2024,100.0,6036860
SLB,Solomon Islands,2000,4.7,440469
SLB,Solomon Islands,2001,7.6,449125
SLB,Solomon Islands,2002,10.5,457671
SLB,Solomon Islands,2003,13.4,466154
SLB,Solomon Islands,2004,16.3,474611
SLB,Solomon Islands,2005,19.2,483080
SLB,Solomon Islands,2006,14.4,491594
SLB,Solomon Islands,2007,12.9,500156
SLB,Solomon Islands,2008,28.1,508790
SLB,Solomon Islands,2009,21.2,518141
SLB,Solomon Islands,2010,35.4,532968
SLB,Solomon Islands,2011,39.1,552945
SLB,Solomon Islands,2012,42.9,573606
SLB,Solomon Islands,2013,44.7,594945
SLB,Solomon Islands,2014,50.5,616908
SLB,Solomon Islands,2015,55.1,639415
SLB,Solomon Islands,2016,58.2,662379
SLB,Solomon Islands,2017,62.9,685672
SLB,Solomon Islands,2018,65.8,709101
SLB,Solomon Islands,2019,69.4,728147
SLB,Solomon Islands,2020,72.9,744498
SLB,Solomon Islands,2021,76.3,762591
SLB,Solomon Islands,2022,76.0,781066
SLB,Solomon Islands,2023,81.3,800005
SLB,Solomon Islands,2024,81.5,819198
SLE,Sierra Leone,2000,7.7,4423611
SLE,Sierra Leone,2001,8.5,4692716
SLE,Sierra Leone,2002,9.2,4971435
SLE,Sierra Leone,2003,9.9,5177687
SLE,Sierra Leone,2004,16.8,5355717
SLE,Sierra Leone,2005,11.3,5501712
SLE,Sierra Leone,2006,12.2,5624466
SLE,Sierra Leone,2007,13.0,5749352
SLE,Sierra Leone,2008,12.1,5894722
SLE,Sierra Leone,2009,14.6,6055646
SLE,Sierra Leone,2010,11.5,6222714
SLE,Sierra Leone,2011,14.2,6387251
SLE,Sierra Leone,2012,17.2,6551080
SLE,Sierra Leone,2013,13.5,6714051
SLE,Sierra Leone,2014,18.8,6876385
SLE,Sierra Leone,2015,19.7,7037655
SLE,Sierra Leone,2016,20.3,7205328
SLE,Sierra Leone,2017,23.4,7379299
SLE,Sierra Leone,2018,26.1,7554563
SLE,Sierra Leone,2019,22.7,7731991
SLE,Sierra Leone,2020,26.3,7912558
SLE,Sierra Leone,2021,27.5,8094602
SLE,Sierra Leone,2022,29.4,8276807
SLE,Sierra Leone,2023,35.5,8460512
SLE,Sierra Leone,2024,39.2,8642022
SLV,El Salvador,2000,84.5,5943366
SLV,El Salvador,2001,87.1,5968060
SLV,El Salvador,2002,87.5,5986631
SLV,El Salvador,2003,87.0,5998599
SLV,El Salvador,2004,87.4,6004671
SLV,El Salvador,2005,87.5,6005578
SLV,El Salvador,2006,89.2,6002319
SLV,El Salvador,2007,91.1,6009824
SLV,El Salvador,2008,91.0,6029297
SLV,El Salvador,2009,91.1,6048279
SLV,El Salvador,2010,91.6,6068249
SLV,El Salvador,2011,92.6,6090127
SLV,El Salvador,2012,93.7,6113975
SLV,El Salvador,2013,95.0,6138839
SLV,El Salvador,2014,95.1,6162955
SLV,El Salvador,2015,95.4,6183676
SLV,El Salvador,2016,96.0,6200800
SLV,El Salvador,2017,96.8,6213533
SLV,El Salvador,2018,97.0,6219807
SLV,El Salvador,2019,97.4,6222318
SLV,El Salvador,2020,99.7,6234673
SLV,El Salvador,2021,97.9,6255782
SLV,El Salvador,2022,100.0,6280319
SLV,El Salvador,2023,98.3,6309624
SLV,El Salvador,2024,98.7,6338193
SMR,San Marino,2000,100.0,26799
SMR,San Marino,2001,100.0,27143
SMR,San Marino,2002,100.0,27491
SMR,San Marino,2003,100.0,27843
SMR,San Marino,2004,100.0,29457
SMR,San Marino,2005,100.0,29836
SMR,San Marino,2006,100.0,30184
SMR,San Marino,2007,100.0,31211
SMR,San Marino,2008,100.0,31662
SMR,San Marino,2009,100.0,33066
SMR,San Marino,2010,100.0,33270
SMR,San Marino,2011,100.0,32620
SMR,San Marino,2012,100.0,33469
SMR,San Marino,2013,100.0,33041
SMR,San Marino,2014,100.0,32655
SMR,San Marino,2015,100.0,32897
SMR,San Marino,2016,100.0,33101
SMR,San Marino,2017,100.0,33825
SMR,San Marino,2018,100.0,34522
SMR,San Marino,2019,100.0,34663
SMR,San Marino,2020,100.0,34770
SMR,San Marino,2021,100.0,34252
SMR,San Marino,2022,100.0,33755
SMR,San Marino,2023,100.0,33860
SMR,San Marino,2024,100.0,33977
SOM,"Somalia, Fed. Rep.",2000,2.1,8838713
SOM,"Somalia, Fed. Rep.",2001,4.7,9198493
SOM,"Somalia, Fed. Rep.",2002,7.4,9550063
SOM,"Somalia, Fed. Rep.",2003,9.8,9909157
SOM,"Somalia, Fed. Rep.",2004,12.4,10280998
SOM,"Somalia, Fed. Rep.",2005,15.0,10644228
SOM,"Somalia, Fed. Rep.",2006,15.2,10975502
SOM,"Somalia, Fed. Rep.",2007,20.2,11322582
SOM,"Somalia, Fed. Rep.",2008,22.9,11663084
SOM,"Somalia, Fed. Rep.",2009,25.5,11961201
SOM,"Somalia, Fed. Rep.",2010,52.3,12261756
SOM,"Somalia, Fed. Rep.",2011,52.0,12348830
SOM,"Somalia, Fed. Rep.",2012,51.8,12461160
SOM,"Somalia, Fed. Rep.",2013,51.5,12869594
SOM,"Somalia, Fed. Rep.",2014,51.4,13339491
SOM,"Somalia, Fed. Rep.",2015,51.2,13806963
SOM,"Somalia, Fed. Rep.",2016,51.1,14348740
SOM,"Somalia, Fed. Rep.",2017,52.1,14916629
SOM,"Somalia, Fed. Rep.",2018,50.7,15452487
SOM,"Somalia, Fed. Rep.",2019,49.2,16030971
SOM,"Somalia, Fed. Rep.",2020,49.9,16651191
SOM,"Somalia, Fed. Rep.",2021,49.3,17271431
SOM,"Somalia, Fed. Rep.",2022,48.9,17801897
SOM,"Somalia, Fed. Rep.",2023,50.3,18358615
SOM,"Somalia, Fed. Rep.",2024,54.4,19009151
SRB,Serbia,2000,99.9,7516346
SRB,Serbia,2001,99.8,7503433
SRB,Serbia,2002,100.0,7500031
SRB,Serbia,2003,99.7,7480591
SRB,Serbia,2004,99.6,7463157
SRB,Serbia,2005,99.7,7440769
SRB,Serbia,2006,99.6,7411569
SRB,Serbia,2007,99.6,7381579
SRB,Serbia,2008,99.6,7350222
SRB,Serbia,2009,99.6,7320807
SRB,Serbia,2010,99.7,7291436
SRB,Serbia,2011,99.7,7236519
SRB,Serbia,2012,99.8,7201497
SRB,Serbia,2013,99.9,7166553
SRB,Serbia,2014,99.7,7131787
SRB,Serbia,2015,99.9,7095383
SRB,Serbia,2016,99.9,7058322
SRB,Serbia,2017,100.0,7020858
SRB,Serbia,2018,100.0,6982604
SRB,Serbia,2019,99.8,6945235
SRB,Serbia,2020,100.0,6899126
SRB,Serbia,2021,100.0,6834326
SRB,Serbia,2022,100.0,6664449
SRB,Serbia,2023,100.0,6623183
SRB,Serbia,2024,100.0,6586476
SSA,Sub-Saharan Africa (excluding high income),2000,25.6971210663857,680687661
SSA,Sub-Saharan Africa (excluding high income),2001,26.1561715008917,699134145
SSA,Sub-Saharan Africa (excluding high income),2002,27.3316477930979,718192286
SSA,Sub-Saharan Africa (excluding high income),2003,29.5890739978854,737835295
SSA,Sub-Saharan Africa (excluding high income),2004,29.3653058196257,758155481
SSA,Sub-Saharan Africa (excluding high income),2005,29.3445091012333,779150778
SSA,Sub-Saharan Africa (excluding high income),2006,31.196220881801,800743764
SSA,Sub-Saharan Africa (excluding high income),2007,32.512764543462,823039949
SSA,Sub-Saharan Africa (excluding high income),2008,32.3970735345555,846137242
SSA,Sub-Saharan Africa (excluding high income),2009,32.6194886221914,869839075
SSA,Sub-Saharan Africa (excluding high income),2010,33.3300093882027,894170085
SSA,Sub-Saharan Africa (excluding high income),2011,35.8931824758725,919024793
SSA,Sub-Saharan Africa (excluding high income),2012,36.769425653924,944434989
SSA,Sub-Saharan Africa (excluding high income),2013,38.0249592064952,970656363
SSA,Sub-Saharan Africa (excluding high income),2014,38.3448910796734,997334872
SSA,Sub-Saharan Africa (excluding high income),2015,39.1909298102007,1024566002
SSA,Sub-Saharan Africa (excluding high income),2016,43.8232546101961,1052072062
SSA,Sub-Saharan Africa (excluding high income),2017,43.7549547695956,1080113050
SSA,Sub-Saharan Africa (excluding high income),2018,46.4094139121308,1109099666
SSA,Sub-Saharan Africa (excluding high income),2019,47.1889611753106,1138374850
SSA,Sub-Saharan Africa (excluding high income),2020,48.5365084034364,1168035323
SSA,Sub-Saharan Africa (excluding high income),2021,50.6485899183237,1197970464
SSA,Sub-Saharan Africa (excluding high income),2022,51.5030975279241,1228067573
SSA,Sub-Saharan Africa (excluding high income),2023,53.2463204690134,1258689699
SSA,Sub-Saharan Africa (excluding high income),2024,55.1061307522528,1289814932
SSD,South Sudan,2000,,6032267
SSD,South Sudan,2001,,6308391
SSD,South Sudan,2002,,6596806
SSD,South Sudan,2003,,6903127
SSD,South Sudan,2004,,7233041
SSD,South Sudan,2005,,7590143
SSD,South Sudan,2006,,7976526
SSD,South Sudan,2007,0.8,8388788
SSD,South Sudan,2008,1.3,8817647
SSD,South Sudan,2009,3.0,9243556
SSD,South Sudan,2010,1.5,9745953
SSD,South Sudan,2011,2.8,10288109
SSD,South Sudan,2012,3.3,10756240
SSD,South Sudan,2013,3.8,11166275
SSD,South Sudan,2014,4.3,11235073
SSD,South Sudan,2015,4.8,11107561
SSD,South Sudan,2016,5.3,10830102
SSD,South Sudan,2017,4.2,10259154
SSD,South Sudan,2018,6.3,10122977
SSD,South Sudan,2019,6.8,10423384
SSD,South Sudan,2020,7.3,10698467
SSD,South Sudan,2021,7.7,10865780
SSD,South Sudan,2022,8.4,11021177
SSD,South Sudan,2023,5.4,11483374
SSD,South Sudan,2024,5.4,11943408
SSF,Sub-Saharan Africa,2000,25.7053969564838,680768792
SSF,Sub-Saharan Africa,2001,26.1642186852803,699215347
SSF,Sub-Saharan Africa,2002,27.3397731379138,718276009
SSF,Sub-Saharan Africa,2003,29.5965015810781,737918076
SSF,Sub-Saharan Africa,2004,29.3725662739367,758237956
SSF,Sub-Saharan Africa,2005,29.3516433048232,779233636
SSF,Sub-Saharan Africa,2006,31.2034877715293,800828364
SSF,Sub-Saharan Africa,2007,32.5193334285169,823124982
SSF,Sub-Saharan Africa,2008,32.4036605998828,846224198
SSF,Sub-Saharan Africa,2009,32.6259292020567,869926373
SSF,Sub-Saharan Africa,2010,33.3364008805919,894259855
SSF,Sub-Saharan Africa,2011,35.8991006065751,919112234
SSF,Sub-Saharan Africa,2012,36.7751781158828,944523292
SSF,Sub-Saharan Africa,2013,38.0305164719493,970746312
SSF,Sub-Saharan Africa,2014,38.3505383635735,997426231
SSF,Sub-Saharan Africa,2015,39.1964738206413,1024659421
SSF,Sub-Saharan Africa,2016,43.8283095558868,1052166739
SSF,Sub-Saharan Africa,2017,43.7599451875648,1080208893
SSF,Sub-Saharan Africa,2018,46.4140889472825,1109196428
SSF,Sub-Saharan Africa,2019,47.1934897675941,1138472475
SSF,Sub-Saharan Africa,2020,48.5408462612868,1168133785
SSF,Sub-Saharan Africa,2021,50.6526785971142,1198069722
SSF,Sub-Saharan Africa,2022,51.5078310982515,1228187451
SSF,Sub-Saharan Africa,2023,53.2507689805499,1258809472
SSF,Sub-Saharan Africa,2024,55.1103542559,1289936286
SST,Small states,2000,73.4020901464083,15786741
SST,Small states,2001,75.1545680906373,16017863
SST,Small states,2002,74.9680247255988,16250203
SST,Small states,2003,75.7916539602275,16441139
SST,Small states,2004,76.8496925221964,16597133
SST,Small states,2005,77.6783676254051,16699341
SST,Small states,2006,78.1006771419422,16868546
SST,Small states,2007,79.5807349251648,17047450
SST,Small states,2008,80.5950689227549,17228345
SST,Small states,2009,80.4229826422579,17398922
SST,Small states,2010,82.199729744185,17575200
SST,Small states,2011,83.906240710336,17748220
SST,Small states,2012,84.8243310625176,17926451
SST,Small states,2013,85.2704808451356,18107202
SST,Small states,2014,86.7735637831097,18292084
SST,Small states,2015,87.6813928879402,18482578
SST,Small states,2016,88.8486713357501,18671045
SST,Small states,2017,90.1550278534803,18865506
SST,Small states,2018,90.9647335432231,19084934
SST,Small states,2019,92.0919222790738,19293697
SST,Small states,2020,93.1195945831784,19472157
SST,Small states,2021,93.7468179373385,19646549
SST,Small states,2022,93.826993722259,19852364
SST,Small states,2023,94.7947483488559,20031262
SST,Small states,2024,94.5704846062365,20193405
STP,Sao Tome and Principe,2000,52.9,144018
STP,Sao Tome and Principe,2001,51.5,146375
STP,Sao Tome and Principe,2002,52.5,149922
STP,Sao Tome and Principe,2003,53.6,153814
STP,Sao Tome and Principe,2004,54.7,157705
STP,Sao Tome and Principe,2005,55.8,161639
STP,Sao Tome and Principe,2006,56.9,165638
STP,Sao Tome and Principe,2007,58.0,169700
STP,Sao Tome and Principe,2008,59.1,173793
STP,Sao Tome and Principe,2009,56.9,177853
STP,Sao Tome and Principe,2010,61.4,181802
STP,Sao Tome and Principe,2011,62.6,185649
STP,Sao Tome and Principe,2012,57.9,189439
STP,Sao Tome and Principe,2013,65.0,193148
STP,Sao Tome and Principe,2014,68.6,196767
STP,Sao Tome and Principe,2015,67.3,200291
STP,Sao Tome and Principe,2016,69.4,203689
STP,Sao Tome and Principe,2017,74.3,206970
STP,Sao Tome and Principe,2018,71.0,210187
STP,Sao Tome and Principe,2019,75.1,213392
STP,Sao Tome and Principe,2020,76.8,217435
STP,Sao Tome and Principe,2021,78.5,221961
STP,Sao Tome and Principe,2022,78.0,226305
STP,Sao Tome and Principe,2023,81.3,230871
STP,Sao Tome and Principe,2024,77.7,235536
SUR,Suriname,2000,95.4,476643
SUR,Suriname,2001,95.3,486560
SUR,Suriname,2002,95.2,496551
SUR,Suriname,2003,95.1,506414
SUR,Suriname,2004,95.0,513923
SUR,Suriname,2005,94.9,519313
SUR,Suriname,2006,91.0,524997
SUR,Suriname,2007,94.7,531016
SUR,Suriname,2008,94.7,537245
SUR,Suriname,2009,94.6,543568
SUR,Suriname,2010,91.2,549923
SUR,Suriname,2011,94.6,556269
SUR,Suriname,2012,94.6,562633
SUR,Suriname,2013,94.6,569020
SUR,Suriname,2014,94.6,575373
SUR,Suriname,2015,95.0,581627
SUR,Suriname,2016,95.8,587757
SUR,Suriname,2017,96.6,593713
SUR,Suriname,2018,97.4,599513
SUR,Suriname,2019,97.9,605768
SUR,Suriname,2020,98.4,612317
SUR,Suriname,2021,98.8,617896
SUR,Suriname,2022,99.0,623164
SUR,Suriname,2023,99.6,628886
SUR,Suriname,2024,99.0,634431
SVK,Slovak Republic,2000,100.0,5388720
SVK,Slovak Republic,2001,100.0,5378867
SVK,Slovak Republic,2002,100.0,5376912
SVK,Slovak Republic,2003,100.0,5373374
SVK,Slovak Republic,2004,100.0,5372280
SVK,Slovak Republic,2005,99.9,5372807
SVK,Slovak Republic,2006,99.9,5373054
SVK,Slovak Republic,2007,100.0,5374622
SVK,Slovak Republic,2008,100.0,5379233
SVK,Slovak Republic,2009,100.0,5386406
SVK,Slovak Republic,2010,100.0,5391428
SVK,Slovak Republic,2011,100.0,5398384
SVK,Slovak Republic,2012,100.0,5407579
SVK,Slovak Republic,2013,100.0,5413393
SVK,Slovak Republic,2014,100.0,5418649
SVK,Slovak Republic,2015,100.0,5423801
SVK,Slovak Republic,2016,100.0,5430798
SVK,Slovak Republic,2017,100.0,5439232
SVK,Slovak Republic,2018,100.0,5446771
SVK,Slovak Republic,2019,100.0,5454147
SVK,Slovak Republic,2020,100.0,5458827
SVK,Slovak Republic,2021,100.0,5447247
SVK,Slovak Republic,2022,100.0,5431752
SVK,Slovak Republic,2023,100.0,5426740
SVK,Slovak Republic,2024,100.0,5422069
SVN,Slovenia,2000,100.0,1988925
SVN,Slovenia,2001,100.0,1992060
SVN,Slovenia,2002,100.0,1994530
SVN,Slovenia,2003,100.0,1995733
SVN,Slovenia,2004,100.0,1997012
SVN,Slovenia,2005,100.0,2000474
SVN,Slovenia,2006,100.0,2006868
SVN,Slovenia,2007,100.0,2018122
SVN,Slovenia,2008,100.0,2021316
SVN,Slovenia,2009,100.0,2039669
SVN,Slovenia,2010,100.0,2048583
SVN,Slovenia,2011,100.0,2052843
SVN,Slovenia,2012,100.0,2057159
SVN,Slovenia,2013,100.0,2059953
SVN,Slovenia,2014,100.0,2061980
SVN,Slovenia,2015,100.0,2063531
SVN,Slovenia,2016,100.0,2065042
SVN,Slovenia,2017,100.0,2066388
SVN,Slovenia,2018,100.0,2073894
SVN,Slovenia,2019,100.0,2088385
SVN,Slovenia,2020,100.0,2102419
SVN,Slovenia,2021,100.0,2108079
SVN,Slovenia,2022,100.0,2112076
SVN,Slovenia,2023,100.0,2120461
SVN,Slovenia,2024,100.0,2127400
SWE,Sweden,2000,100.0,8872109
SWE,Sweden,2001,100.0,8895960
SWE,Sweden,2002,100.0,8924958
SWE,Sweden,2003,100.0,8958229
SWE,Sweden,2004,100.0,8993531
SWE,Sweden,2005,100.0,9029572
SWE,Sweden,2006,100.0,9080505
SWE,Sweden,2007,100.0,9148092
SWE,Sweden,2008,100.0,9219637
SWE,Sweden,2009,100.0,9298515
SWE,Sweden,2010,100.0,9378126
SWE,Sweden,2011,100.0,9449213
SWE,Sweden,2012,100.0,9519374
SWE,Sweden,2013,100.0,9600379
SWE,Sweden,2014,100.0,9696110
SWE,Sweden,2015,100.0,9799186
SWE,Sweden,2016,100.0,9923085
SWE,Sweden,2017,100.0,10057698
SWE,Sweden,2018,100.0,10175214
SWE,Sweden,2019,100.0,10278887
SWE,Sweden,2020,100.0,10353442
SWE,Sweden,2021,100.0,10415811
SWE,Sweden,2022,100.0,10486941
SWE,Sweden,2023,100.0,10536632
SWE,Sweden,2024,100.0,10569709
SWZ,Eswatini,2000,20.4,1041414
SWZ,Eswatini,2001,26.9,1051064
SWZ,Eswatini,2002,25.9,1059441
SWZ,Eswatini,2003,28.7,1066700
SWZ,Eswatini,2004,31.4,1073159
SWZ,Eswatini,2005,34.2,1079022
SWZ,Eswatini,2006,35.2,1084436
SWZ,Eswatini,2007,39.8,1090705
SWZ,Eswatini,2008,42.6,1098091
SWZ,Eswatini,2009,38.6,1105153
SWZ,Eswatini,2010,45.6,1111650
SWZ,Eswatini,2011,51.2,1117833
SWZ,Eswatini,2012,54.3,1123863
SWZ,Eswatini,2013,57.5,1129990
SWZ,Eswatini,2014,65.0,1136299
SWZ,Eswatini,2015,64.1,1142813
SWZ,Eswatini,2016,63.4,1149507
SWZ,Eswatini,2017,73.5,1158195
SWZ,Eswatini,2018,74.0,1168929
SWZ,Eswatini,2019,77.0,1179874
SWZ,Eswatini,2020,80.0,1192729
SWZ,Eswatini,2021,82.9,1206593
SWZ,Eswatini,2022,82.3,1218917
SWZ,Eswatini,2023,86.4,1230506
SWZ,Eswatini,2024,89.3,1242822
SXM,Sint Maarten (Dutch part),2000,100.0,30773
SXM,Sint Maarten (Dutch part),2001,99.9,30726
SXM,Sint Maarten (Dutch part),2002,99.9,30960
SXM,Sint Maarten (Dutch part),2003,99.8,31327
SXM,Sint Maarten (Dutch part),2004,99.8,31690
SXM,Sint Maarten (Dutch part),2005,99.7,32057
SXM,Sint Maarten (Dutch part),2006,99.7,32428
SXM,Sint Maarten (Dutch part),2007,99.7,32791
SXM,Sint Maarten (Dutch part),2008,99.7,33145
SXM,Sint Maarten (Dutch part),2009,99.7,33491
SXM,Sint Maarten (Dutch part),2010,100.0,33794
SXM,Sint Maarten (Dutch part),2011,100.0,34267
SXM,Sint Maarten (Dutch part),2012,100.0,35023
SXM,Sint Maarten (Dutch part),2013,100.0,35854
SXM,Sint Maarten (Dutch part),2014,100.0,36672
SXM,Sint Maarten (Dutch part),2015,100.0,37471
SXM,Sint Maarten (Dutch part),2016,100.0,38249
SXM,Sint Maarten (Dutch part),2017,100.0,38996
SXM,Sint Maarten (Dutch part),2018,100.0,39712
SXM,Sint Maarten (Dutch part),2019,100.0,40385
SXM,Sint Maarten (Dutch part),2020,100.0,41008
SXM,Sint Maarten (Dutch part),2021,100.0,41571
SXM,Sint Maarten (Dutch part),2022,100.0,42139
SXM,Sint Maarten (Dutch part),2023,100.0,42749
SXM,Sint Maarten (Dutch part),2024,100.0,43350
SYC,Seychelles,2000,94.1,81131
SYC,Seychelles,2001,94.4,81202
SYC,Seychelles,2002,96.1,83723
SYC,Seychelles,2003,94.9,82781
SYC,Seychelles,2004,95.2,82475
SYC,Seychelles,2005,95.5,82858
SYC,Seychelles,2006,99.0,84600
SYC,Seychelles,2007,96.1,85033
SYC,Seychelles,2008,96.5,86956
SYC,Seychelles,2009,96.8,87298
SYC,Seychelles,2010,97.0,89770
SYC,Seychelles,2011,98.1,87441
SYC,Seychelles,2012,98.3,88303
SYC,Seychelles,2013,98.0,89949
SYC,Seychelles,2014,100.0,91359
SYC,Seychelles,2015,100.0,93419
SYC,Seychelles,2016,100.0,94677
SYC,Seychelles,2017,100.0,95843
SYC,Seychelles,2018,100.0,96762
SYC,Seychelles,2019,100.0,97625
SYC,Seychelles,2020,100.0,98462
SYC,Seychelles,2021,100.0,99258
SYC,Seychelles,2022,100.0,119878
SYC,Seychelles,2023,100.0,119773
SYC,Seychelles,2024,100.0,121354
SYR,Syrian Arab Republic,2000,93.4,16637888
SYR,Syrian Arab Republic,2001,93.1,17051338
SYR,Syrian Arab Republic,2002,86.6,17468332
SYR,Syrian Arab Republic,2003,92.6,17889296
SYR,Syrian Arab Republic,2004,92.3,18336875
SYR,Syrian Arab Republic,2005,92.0,18814091
SYR,Syrian Arab Republic,2006,99.5,19637022
SYR,Syrian Arab Republic,2007,91.5,20884125
SYR,Syrian Arab Republic,2008,91.3,21636564
SYR,Syrian Arab Republic,2009,91.1,21976969
SYR,Syrian Arab Republic,2010,92.7,22482421
SYR,Syrian Arab Republic,2011,91.5,22878098
SYR,Syrian Arab Republic,2012,90.7,22759763
SYR,Syrian Arab Republic,2013,90.4,21666917
SYR,Syrian Arab Republic,2014,90.2,20273659
SYR,Syrian Arab Republic,2015,90.0,19424618
SYR,Syrian Arab Republic,2016,89.8,19193834
SYR,Syrian Arab Republic,2017,89.6,19224668
SYR,Syrian Arab Republic,2018,86.0,19577845
SYR,Syrian Arab Republic,2019,89.2,20353534
SYR,Syrian Arab Republic,2020,89.0,21049429
SYR,Syrian Arab Republic,2021,88.8,21628839
SYR,Syrian Arab Republic,2022,89.0,22462173
SYR,Syrian Arab Republic,2023,88.4,23594623
SYR,Syrian Arab Republic,2024,89.3,24672760
TCA,Turks and Caicos Islands,2000,95.6,18730
TCA,Turks and Caicos Islands,2001,94.9,19576
TCA,Turks and Caicos Islands,2002,95.2,20597
TCA,Turks and Caicos Islands,2003,95.4,21727
TCA,Turks and Caicos Islands,2004,95.7,22856
TCA,Turks and Caicos Islands,2005,96.0,23988
TCA,Turks and Caicos Islands,2006,96.2,25123
TCA,Turks and Caicos Islands,2007,96.6,26270
TCA,Turks and Caicos Islands,2008,96.9,27427
TCA,Turks and Caicos Islands,2009,100.0,28588
TCA,Turks and Caicos Islands,2010,100.0,29739
TCA,Turks and Caicos Islands,2011,100.0,30846
TCA,Turks and Caicos Islands,2012,93.1,32127
TCA,Turks and Caicos Islands,2013,100.0,33653
TCA,Turks and Caicos Islands,2014,100.0,35050
TCA,Turks and Caicos Islands,2015,100.0,36605
TCA,Turks and Caicos Islands,2016,100.0,38315
TCA,Turks and Caicos Islands,2017,100.0,39913
TCA,Turks and Caicos Islands,2018,100.0,41559
TCA,Turks and Caicos Islands,2019,100.0,43166
TCA,Turks and Caicos Islands,2020,99.4,44386
TCA,Turks and Caicos Islands,2021,100.0,45243
TCA,Turks and Caicos Islands,2022,99.9,45847
TCA,Turks and Caicos Islands,2023,100.0,46198
TCA,Turks and Caicos Islands,2024,100.0,46535
TCD,Chad,2000,3.1,8512093
TCD,Chad,2001,3.4,8804124
TCD,Chad,2002,3.8,9116192
TCD,Chad,2003,4.1,9487833
TCD,Chad,2004,3.5,9920036
TCD,Chad,2005,4.8,10328092
TCD,Chad,2006,5.1,10706424
TCD,Chad,2007,5.5,11081660
TCD,Chad,2008,5.9,11476296
TCD,Chad,2009,6.3,11893754
TCD,Chad,2010,6.4,12312575
TCD,Chad,2011,9.0,12754997
TCD,Chad,2012,7.8,13210998
TCD,Chad,2013,8.1,13691079
TCD,Chad,2014,8.4,14188678
TCD,Chad,2015,7.7,14647621
TCD,Chad,2016,9.2,15114655
TCD,Chad,2017,10.9,15622759
TCD,Chad,2018,10.1,16156531
TCD,Chad,2019,8.4,16685223
TCD,Chad,2020,10.9,17224679
TCD,Chad,2021,11.3,17828273
TCD,Chad,2022,11.7,18455316
TCD,Chad,2023,12.0,19319064
TCD,Chad,2024,13.4,20299123
TEA,East Asia & Pacific (IDA & IBRD countries),2000,91.1382617877496,1795374943
TEA,East Asia & Pacific (IDA & IBRD countries),2001,91.6799157877188,1812475067
TEA,East Asia & Pacific (IDA & IBRD countries),2002,92.1533732164058,1828744767
TEA,East Asia & Pacific (IDA & IBRD countries),2003,92.3781448783281,1844349334
TEA,East Asia & Pacific (IDA & IBRD countries),2004,93.2661505857218,1859450104
TEA,East Asia & Pacific (IDA & IBRD countries),2005,92.8453973742828,1874487158
TEA,East Asia & Pacific (IDA & IBRD countries),2006,94.0415260035912,1889507244
TEA,East Asia & Pacific (IDA & IBRD countries),2007,94.0514635510722,1904568042
TEA,East Asia & Pacific (IDA & IBRD countries),2008,94.6719920462074,1919570287
TEA,East Asia & Pacific (IDA & IBRD countries),2009,95.3078523738531,1934167856
TEA,East Asia & Pacific (IDA & IBRD countries),2010,95.898601883303,1948643347
TEA,East Asia & Pacific (IDA & IBRD countries),2011,96.4018892391827,1964036970
TEA,East Asia & Pacific (IDA & IBRD countries),2012,96.5865908716016,1981382735
TEA,East Asia & Pacific (IDA & IBRD countries),2013,96.8583126264425,1998548872
TEA,East Asia & Pacific (IDA & IBRD countries),2014,97.0127423122849,2014960984
TEA,East Asia & Pacific (IDA & IBRD countries),2015,97.3350470103173,2030504270
TEA,East Asia & Pacific (IDA & IBRD countries),2016,97.4026392373466,2045816761
TEA,East Asia & Pacific (IDA & IBRD countries),2017,98.1121893727336,2061449949
TEA,East Asia & Pacific (IDA & IBRD countries),2018,98.051229750632,2074796982
TEA,East Asia & Pacific (IDA & IBRD countries),2019,98.2517291129462,2086281644
TEA,East Asia & Pacific (IDA & IBRD countries),2020,98.1521712499121,2095759417
TEA,East Asia & Pacific (IDA & IBRD countries),2021,98.5259377999818,2102350702
TEA,East Asia & Pacific (IDA & IBRD countries),2022,98.5710601814202,2107261123
TEA,East Asia & Pacific (IDA & IBRD countries),2023,98.7474424069608,2111139152
TEA,East Asia & Pacific (IDA & IBRD countries),2024,98.8730876053292,2114653077
TEC,Europe & Central Asia (IDA & IBRD countries),2000,98.2547275902283,438423541
TEC,Europe & Central Asia (IDA & IBRD countries),2001,98.35052088994,438100368
TEC,Europe & Central Asia (IDA & IBRD countries),2002,98.4238273852713,437806951
TEC,Europe & Central Asia (IDA & IBRD countries),2003,98.438063287488,437905932
TEC,Europe & Central Asia (IDA & IBRD countries),2004,98.486641163599,438136036
TEC,Europe & Central Asia (IDA & IBRD countries),2005,98.5682871495581,438333196
TEC,Europe & Central Asia (IDA & IBRD countries),2006,98.6087161248617,438714358
TEC,Europe & Central Asia (IDA & IBRD countries),2007,98.7246906181739,438680283
TEC,Europe & Central Asia (IDA & IBRD countries),2008,98.8132200078566,439732746
TEC,Europe & Central Asia (IDA & IBRD countries),2009,98.9275231925627,441304973
TEC,Europe & Central Asia (IDA & IBRD countries),2010,99.3287049619028,442936599
TEC,Europe & Central Asia (IDA & IBRD countries),2011,99.3269244879236,444846366
TEC,Europe & Central Asia (IDA & IBRD countries),2012,99.6546769524838,446941101
TEC,Europe & Central Asia (IDA & IBRD countries),2013,99.6978833009023,449128604
TEC,Europe & Central Asia (IDA & IBRD countries),2014,99.7515903233231,451432428
TEC,Europe & Central Asia (IDA & IBRD countries),2015,98.3318925466179,453662073
TEC,Europe & Central Asia (IDA & IBRD countries),2016,99.6574040765117,455913002
TEC,Europe & Central Asia (IDA & IBRD countries),2017,99.9282316965341,458010325
TEC,Europe & Central Asia (IDA & IBRD countries),2018,99.941528994937,459946883
TEC,Europe & Central Asia (IDA & IBRD countries),2019,99.9069194604741,461933206
TEC,Europe & Central Asia (IDA & IBRD countries),2020,99.9520668153849,462842288
TEC,Europe & Central Asia (IDA & IBRD countries),2021,99.9763873001269,463104389
TEC,Europe & Central Asia (IDA & IBRD countries),2022,99.9954427619778,460942269
TEC,Europe & Central Asia (IDA & IBRD countries),2023,100.0,458599775
TEC,Europe & Central Asia (IDA & IBRD countries),2024,99.9976895300598,459982788
TGO,Togo,2000,17.0,4783722
TGO,Togo,2001,19.6,4904144
TGO,Togo,2002,21.3,5027130
TGO,Togo,2003,23.0,5154112
TGO,Togo,2004,24.8,5281320
TGO,Togo,2005,26.5,5413154
TGO,Togo,2006,27.9,5569664
TGO,Togo,2007,30.0,5748443
TGO,Togo,2008,31.8,5936138
TGO,Togo,2009,33.7,6130946
TGO,Togo,2010,30.8,6325788
TGO,Togo,2011,39.7,6500582
TGO,Togo,2012,39.1,6653718
TGO,Togo,2013,41.0,6798848
TGO,Togo,2014,45.7,6937644
TGO,Togo,2015,44.7,7071502
TGO,Togo,2016,46.8,7200884
TGO,Togo,2017,48.0,7324386
TGO,Togo,2018,50.0,7458206
TGO,Togo,2019,52.5,7619925
TGO,Togo,2020,54.1,7788054
TGO,Togo,2021,55.7,7936176
TGO,Togo,2022,57.2,8068616
TGO,Togo,2023,59.2,8223850
TGO,Togo,2024,61.1,8406558
THA,Thailand,2000,82.1,63007815
THA,Thailand,2001,90.4,63651141
THA,Thailand,2002,91.0,64266437
THA,Thailand,2003,91.6,64868166
THA,Thailand,2004,92.2,65452047
THA,Thailand,2005,92.8,66017420
THA,Thailand,2006,99.1,66567687
THA,Thailand,2007,94.1,67102394
THA,Thailand,2008,94.8,67619830
THA,Thailand,2009,99.0,68121080
THA,Thailand,2010,99.7,68579447
THA,Thailand,2011,99.3,69007208
THA,Thailand,2012,99.1,69436098
THA,Thailand,2013,99.4,69845114
THA,Thailand,2014,99.5,70216367
THA,Thailand,2015,99.6,70540795
THA,Thailand,2016,99.9,70859841
THA,Thailand,2017,99.9,71160187
THA,Thailand,2018,99.8,71376079
THA,Thailand,2019,99.9,71522271
THA,Thailand,2020,100.0,71641484
THA,Thailand,2021,100.0,71727332
THA,Thailand,2022,99.9,71735329
THA,Thailand,2023,100.0,71702435
THA,Thailand,2024,100.0,71668011
TJK,Tajikistan,2000,98.5,6284735
TJK,Tajikistan,2001,98.6,6407377
TJK,Tajikistan,2002,99.0,6531669
TJK,Tajikistan,2003,100.0,6658575
TJK,Tajikistan,2004,98.5,6790547
TJK,Tajikistan,2005,99.3,6924720
TJK,Tajikistan,2006,98.6,7057566
TJK,Tajikistan,2007,98.6,7194477
TJK,Tajikistan,2008,98.6,7338403
TJK,Tajikistan,2009,99.0,7490230
TJK,Tajikistan,2010,98.8,7652141
TJK,Tajikistan,2011,98.9,7824785
TJK,Tajikistan,2012,99.1,8014084
TJK,Tajikistan,2013,99.0,8216724
TJK,Tajikistan,2014,99.1,8425552
TJK,Tajikistan,2015,98.0,8643840
TJK,Tajikistan,2016,99.3,8865631
TJK,Tajikistan,2017,99.3,9085946
TJK,Tajikistan,2018,99.3,9307333
TJK,Tajikistan,2019,99.4,9529966
TJK,Tajikistan,2020,99.5,9749310
TJK,Tajikistan,2021,99.6,9966908
TJK,Tajikistan,2022,100.0,10182222
TJK,Tajikistan,2023,100.0,10389799
TJK,Tajikistan,2024,99.9,10590927
TKM,Turkmenistan,2000,99.6,4582677
TKM,Turkmenistan,2001,99.6,4675409
TKM,Turkmenistan,2002,99.6,4769465
TKM,Turkmenistan,2003,99.6,4863865
TKM,Turkmenistan,2004,99.5,4958093
TKM,Turkmenistan,2005,99.5,5052257
TKM,Turkmenistan,2006,99.8,5147105
TKM,Turkmenistan,2007,99.6,5244046
TKM,Turkmenistan,2008,99.6,5345029
TKM,Turkmenistan,2009,99.7,5451592
TKM,Turkmenistan,2010,100.0,5564356
TKM,Turkmenistan,2011,99.8,5683417
TKM,Turkmenistan,2012,99.9,5808546
TKM,Turkmenistan,2013,99.9,5939341
TKM,Turkmenistan,2014,100.0,6075283
TKM,Turkmenistan,2015,100.0,6215770
TKM,Turkmenistan,2016,100.0,6360041
TKM,Turkmenistan,2017,100.0,6507061
TKM,Turkmenistan,2018,100.0,6655524
TKM,Turkmenistan,2019,99.9,6803944
TKM,Turkmenistan,2020,100.0,6949912
TKM,Turkmenistan,2021,100.0,7092043
TKM,Turkmenistan,2022,100.0,7230193
TKM,Turkmenistan,2023,100.0,7364438
TKM,Turkmenistan,2024,100.0,7494498
TLA,Latin America & the Caribbean (IDA & IBRD countries),2000,91.5465023715452,504556065
TLA,Latin America & the Caribbean (IDA & IBRD countries),2001,92.1794951117155,511809816
TLA,Latin America & the Caribbean (IDA & IBRD countries),2002,92.5289426557734,518881965
TLA,Latin America & the Caribbean (IDA & IBRD countries),2003,92.5944126162123,525787222
TLA,Latin America & the Caribbean (IDA & IBRD countries),2004,93.0888207078371,532556401
TLA,Latin America & the Caribbean (IDA & IBRD countries),2005,93.3985919750135,539188798
TLA,Latin America & the Caribbean (IDA & IBRD countries),2006,94.1560638664242,545805913
TLA,Latin America & the Caribbean (IDA & IBRD countries),2007,94.3767313243229,552399650
TLA,Latin America & the Caribbean (IDA & IBRD countries),2008,95.1417588634308,558968822
TLA,Latin America & the Caribbean (IDA & IBRD countries),2009,95.3459322821858,565454932
TLA,Latin America & the Caribbean (IDA & IBRD countries),2010,95.8082861861517,571822092
TLA,Latin America & the Caribbean (IDA & IBRD countries),2011,96.1182240318495,578171855
TLA,Latin America & the Caribbean (IDA & IBRD countries),2012,96.5092457202988,584524334
TLA,Latin America & the Caribbean (IDA & IBRD countries),2013,96.8091782999087,590809938
TLA,Latin America & the Caribbean (IDA & IBRD countries),2014,97.0005516962811,597023419
TLA,Latin America & the Caribbean (IDA & IBRD countries),2015,97.2323920529293,603091701
TLA,Latin America & the Caribbean (IDA & IBRD countries),2016,97.4280893456675,609017063
TLA,Latin America & the Caribbean (IDA & IBRD countries),2017,97.6633402843346,614776664
TLA,Latin America & the Caribbean (IDA & IBRD countries),2018,97.7078847938323,620274430
TLA,Latin America & the Caribbean (IDA & IBRD countries),2019,97.9522021469941,625467307
TLA,Latin America & the Caribbean (IDA & IBRD countries),2020,98.1036683889447,630051021
TLA,Latin America & the Caribbean (IDA & IBRD countries),2021,98.2338083621938,633862610
TLA,Latin America & the Caribbean (IDA & IBRD countries),2022,98.5448799242171,637837815
TLA,Latin America & the Caribbean (IDA & IBRD countries),2023,98.3852491204833,642397939
TLA,Latin America & the Caribbean (IDA & IBRD countries),2024,98.0000586906957,647003746
TLS,Timor-Leste,2000,17.8,745088
TLS,Timor-Leste,2001,25.6,812249
TLS,Timor-Leste,2002,24.1,879159
TLS,Timor-Leste,2003,27.7,916878
TLS,Timor-Leste,2004,30.4,929074
TLS,Timor-Leste,2005,33.5,948311
TLS,Timor-Leste,2006,36.7,976597
TLS,Timor-Leste,2007,36.6,1004889
TLS,Timor-Leste,2008,43.1,1032429
TLS,Timor-Leste,2009,46.3,1058782
TLS,Timor-Leste,2010,38.0,1084679
TLS,Timor-Leste,2011,52.7,1110207
TLS,Timor-Leste,2012,56.0,1134885
TLS,Timor-Leste,2013,59.2,1158695
TLS,Timor-Leste,2014,62.4,1181903
TLS,Timor-Leste,2015,67.3,1205131
TLS,Timor-Leste,2016,76.5,1228312
TLS,Timor-Leste,2017,79.5,1251703
TLS,Timor-Leste,2018,85.2,1275959
TLS,Timor-Leste,2019,90.6,1300945
TLS,Timor-Leste,2020,96.0,1326053
TLS,Timor-Leste,2021,100.0,1350139
TLS,Timor-Leste,2022,99.7,1369295
TLS,Timor-Leste,2023,100.0,1384286
TLS,Timor-Leste,2024,94.3,1400638
TMN,"Middle East, North Africa, Afghanistan & Pakistan (IDA & IBRD)",2000,81.2536678712174,460058369
TMN,"Middle East, North Africa, Afghanistan & Pakistan (IDA & IBRD)",2001,81.995810773732,470225878
TMN,"Middle East, North Africa, Afghanistan & Pakistan (IDA & IBRD)",2002,82.3266033779687,480465143
TMN,"Middle East, North Africa, Afghanistan & Pakistan (IDA & IBRD)",2003,83.3598460483781,491133637
TMN,"Middle East, North Africa, Afghanistan & Pakistan (IDA & IBRD)",2004,83.7666973214964,502381957
TMN,"Middle East, North Africa, Afghanistan & Pakistan (IDA & IBRD)",2005,84.8054610893122,513920381
TMN,"Middle East, North Africa, Afghanistan & Pakistan (IDA & IBRD)",2006,86.6225518861902,525752130
TMN,"Middle East, North Africa, Afghanistan & Pakistan (IDA & IBRD)",2007,86.0502685841007,537343609
TMN,"Middle East, North Africa, Afghanistan & Pakistan (IDA & IBRD)",2008,87.0398617493712,549090016
TMN,"Middle East, North Africa, Afghanistan & Pakistan (IDA & IBRD)",2009,87.72245737765,561349152
TMN,"Middle East, North Africa, Afghanistan & Pakistan (IDA & IBRD)",2010,89.718636418982,573609877
TMN,"Middle East, North Africa, Afghanistan & Pakistan (IDA & IBRD)",2011,89.9389892888994,585763053
TMN,"Middle East, North Africa, Afghanistan & Pakistan (IDA & IBRD)",2012,91.0963754860192,597586990
TMN,"Middle East, North Africa, Afghanistan & Pakistan (IDA & IBRD)",2013,92.4917628816356,609074579
TMN,"Middle East, North Africa, Afghanistan & Pakistan (IDA & IBRD)",2014,93.4524577644192,620390664
TMN,"Middle East, North Africa, Afghanistan & Pakistan (IDA & IBRD)",2015,92.7799106414588,631082594
TMN,"Middle East, North Africa, Afghanistan & Pakistan (IDA & IBRD)",2016,94.6688585064836,641470827
TMN,"Middle East, North Africa, Afghanistan & Pakistan (IDA & IBRD)",2017,95.593813647771,652312809
TMN,"Middle East, North Africa, Afghanistan & Pakistan (IDA & IBRD)",2018,94.4715748209862,663878345
TMN,"Middle East, North Africa, Afghanistan & Pakistan (IDA & IBRD)",2019,95.6135456463624,675805691
TMN,"Middle East, North Africa, Afghanistan & Pakistan (IDA & IBRD)",2020,95.8888561743117,687728758
TMN,"Middle East, North Africa, Afghanistan & Pakistan (IDA & IBRD)",2021,96.0681260042218,699536053
TMN,"Middle East, North Africa, Afghanistan & Pakistan (IDA & IBRD)",2022,95.4516981935493,711465045
TMN,"Middle East, North Africa, Afghanistan & Pakistan (IDA & IBRD)",2023,96.0574946837091,723911670
TMN,"Middle East, North Africa, Afghanistan & Pakistan (IDA & IBRD)",2024,96.4373354708585,736401764
TON,Tonga,2000,85.6,102677
TON,Tonga,2001,86.3,103288
TON,Tonga,2002,87.0,103874
TON,Tonga,2003,87.6,104464
TON,Tonga,2004,88.3,105071
TON,Tonga,2005,89.0,105671
TON,Tonga,2006,92.3,106253
TON,Tonga,2007,90.5,106726
TON,Tonga,2008,91.2,107020
TON,Tonga,2009,92.0,107203
TON,Tonga,2010,92.8,107400
TON,Tonga,2011,92.2,107570
TON,Tonga,2012,92.8,107460
TON,Tonga,2013,95.1,107078
TON,Tonga,2014,95.9,106609
TON,Tonga,2015,100.0,106095
TON,Tonga,2016,97.0,105524
TON,Tonga,2017,98.2,105356
TON,Tonga,2018,99.0,105567
TON,Tonga,2019,98.4,105669
TON,Tonga,2020,99.9,105704
TON,Tonga,2021,100.0,105490
TON,Tonga,2022,100.0,105042
TON,Tonga,2023,100.0,104597
TON,Tonga,2024,100.0,104175
TSA,South Asia (IDA & IBRD),2000,56.7664246764092,1237185482
TSA,South Asia (IDA & IBRD),2001,58.3485213159577,1260149056
TSA,South Asia (IDA & IBRD),2002,59.415783976672,1282584796
TSA,South Asia (IDA & IBRD),2003,62.3411030558805,1304347790
TSA,South Asia (IDA & IBRD),2004,61.4842830339197,1325950587
TSA,South Asia (IDA & IBRD),2005,65.8536460162923,1346886384
TSA,South Asia (IDA & IBRD),2006,65.9235565867572,1367187349
TSA,South Asia (IDA & IBRD),2007,69.284881859242,1386949456
TSA,South Asia (IDA & IBRD),2008,71.778258866002,1406047164
TSA,South Asia (IDA & IBRD),2009,72.9865860973521,1425370200
TSA,South Asia (IDA & IBRD),2010,74.0765736340237,1444967010
TSA,South Asia (IDA & IBRD),2011,77.3091651585732,1464372623
TSA,South Asia (IDA & IBRD),2012,78.4195444509049,1483553073
TSA,South Asia (IDA & IBRD),2013,80.847453203069,1501661991
TSA,South Asia (IDA & IBRD),2014,82.8480224291431,1519839246
TSA,South Asia (IDA & IBRD),2015,86.5327784624672,1537370078
TSA,South Asia (IDA & IBRD),2016,88.3184480403398,1555111864
TSA,South Asia (IDA & IBRD),2017,91.3983728307397,1572520427
TSA,South Asia (IDA & IBRD),2018,94.8192024055978,1589164714
TSA,South Asia (IDA & IBRD),2019,95.4698953988653,1605412986
TSA,South Asia (IDA & IBRD),2020,96.4013617397441,1621073417
TSA,South Asia (IDA & IBRD),2021,99.3693129133951,1634785356
TSA,South Asia (IDA & IBRD),2022,99.0895114731934,1648009565
TSA,South Asia (IDA & IBRD),2023,99.4087889697405,1662580579
TSA,South Asia (IDA & IBRD),2024,99.8246424902051,1677384532
TSS,Sub-Saharan Africa (IDA & IBRD countries),2000,25.7053969564838,680768792
TSS,Sub-Saharan Africa (IDA & IBRD countries),2001,26.1642186852803,699215347
TSS,Sub-Saharan Africa (IDA & IBRD countries),2002,27.3397731379138,718276009
TSS,Sub-Saharan Africa (IDA & IBRD countries),2003,29.5965015810781,737918076
TSS,Sub-Saharan Africa (IDA & IBRD countries),2004,29.3725662739367,758237956
TSS,Sub-Saharan Africa (IDA & IBRD countries),2005,29.3516433048232,779233636
TSS,Sub-Saharan Africa (IDA & IBRD countries),2006,31.2034877715293,800828364
TSS,Sub-Saharan Africa (IDA & IBRD countries),2007,32.5193334285169,823124982
TSS,Sub-Saharan Africa (IDA & IBRD countries),2008,32.4036605998828,846224198
TSS,Sub-Saharan Africa (IDA & IBRD countries),2009,32.6259292020567,869926373
TSS,Sub-Saharan Africa (IDA & IBRD countries),2010,33.3364008805919,894259855
TSS,Sub-Saharan Africa (IDA & IBRD countries),2011,35.8991006065751,919112234
TSS,Sub-Saharan Africa (IDA & IBRD countries),2012,36.7751781158828,944523292
TSS,Sub-Saharan Africa (IDA & IBRD countries),2013,38.0305164719493,970746312
TSS,Sub-Saharan Africa (IDA & IBRD countries),2014,38.3505383635735,997426231
TSS,Sub-Saharan Africa (IDA & IBRD countries),2015,39.1964738206413,1024659421
TSS,Sub-Saharan Africa (IDA & IBRD countries),2016,43.8283095558868,1052166739
TSS,Sub-Saharan Africa (IDA & IBRD countries),2017,43.7599451875648,1080208893
TSS,Sub-Saharan Africa (IDA & IBRD countries),2018,46.4140889472825,1109196428
TSS,Sub-Saharan Africa (IDA & IBRD countries),2019,47.1934897675941,1138472475
TSS,Sub-Saharan Africa (IDA & IBRD countries),2020,48.5408462612868,1168133785
TSS,Sub-Saharan Africa (IDA & IBRD countries),2021,50.6526785971142,1198069722
TSS,Sub-Saharan Africa (IDA & IBRD countries),2022,51.5078310982515,1228187451
TSS,Sub-Saharan Africa (IDA & IBRD countries),2023,53.2507689805499,1258809472
TSS,Sub-Saharan Africa (IDA & IBRD countries),2024,55.1103542559,1289936286
TTO,Trinidad and Tobago,2000,91.3,1319774
TTO,Trinidad and Tobago,2001,96.3,1325567
TTO,Trinidad and Tobago,2002,96.5,1332011
TTO,Trinidad and Tobago,2003,96.7,1338709
TTO,Trinidad and Tobago,2004,96.8,1345380
TTO,Trinidad and Tobago,2005,95.0,1294494
TTO,Trinidad and Tobago,2006,100.0,1297944
TTO,Trinidad and Tobago,2007,100.0,1303188
TTO,Trinidad and Tobago,2008,100.0,1308587
TTO,Trinidad and Tobago,2009,99.0,1310106
TTO,Trinidad and Tobago,2010,100.0,1317714
TTO,Trinidad and Tobago,2011,97.5,1328019
TTO,Trinidad and Tobago,2012,100.0,1335194
TTO,Trinidad and Tobago,2013,100.0,1340557
TTO,Trinidad and Tobago,2014,100.0,1345343
TTO,Trinidad and Tobago,2015,100.0,1349667
TTO,Trinidad and Tobago,2016,100.0,1353895
TTO,Trinidad and Tobago,2017,100.0,1356633
TTO,Trinidad and Tobago,2018,100.0,1359193
TTO,Trinidad and Tobago,2019,100.0,1363985
TTO,Trinidad and Tobago,2020,100.0,1366725
TTO,Trinidad and Tobago,2021,100.0,1367558
TTO,Trinidad and Tobago,2022,100.0,1365805
TTO,Trinidad and Tobago,2023,98.7,1367510
TTO,Trinidad and Tobago,2024,100.0,1368333
TUN,Tunisia,2000,94.8,9764935
TUN,Tunisia,2001,97.3,9869677
TUN,Tunisia,2002,97.8,9971515
TUN,Tunisia,2003,98.4,10071632
TUN,Tunisia,2004,99.0,10166163
TUN,Tunisia,2005,99.2,10255472
TUN,Tunisia,2006,99.4,10346410
TUN,Tunisia,2007,99.4,10441702
TUN,Tunisia,2008,99.4,10542635
TUN,Tunisia,2009,99.5,10650681
TUN,Tunisia,2010,99.5,10765980
TUN,Tunisia,2011,99.5,10886035
TUN,Tunisia,2012,99.5,11009647
TUN,Tunisia,2013,99.7,11141361
TUN,Tunisia,2014,99.8,11274288
TUN,Tunisia,2015,99.9,11402264
TUN,Tunisia,2016,100.0,11528674
TUN,Tunisia,2017,100.0,11650498
TUN,Tunisia,2018,99.8,11765514
TUN,Tunisia,2019,100.0,11875081
TUN,Tunisia,2020,99.9,11974057
TUN,Tunisia,2021,99.9,12048622
TUN,Tunisia,2022,100.0,12119334
TUN,Tunisia,2023,100.0,12200431
TUN,Tunisia,2024,100.0,12277109
TUR,Turkiye,2000,99.9,65425961
TUR,Turkiye,2001,99.9,66245128
TUR,Turkiye,2002,99.8,67048795
TUR,Turkiye,2003,99.8,67831730
TUR,Turkiye,2004,99.7,68592617
TUR,Turkiye,2005,99.7,69329557
TUR,Turkiye,2006,99.7,70045349
TUR,Turkiye,2007,99.7,70158112
TUR,Turkiye,2008,99.7,71051678
TUR,Turkiye,2009,99.7,72039206
TUR,Turkiye,2010,100.0,73142150
TUR,Turkiye,2011,100.0,74223629
TUR,Turkiye,2012,100.0,75175827
TUR,Turkiye,2013,100.0,76147624
TUR,Turkiye,2014,100.0,77181884
TUR,Turkiye,2015,100.0,78218479
TUR,Turkiye,2016,100.0,79277962
TUR,Turkiye,2017,100.0,80312698
TUR,Turkiye,2018,100.0,81407204
TUR,Turkiye,2019,100.0,82579440
TUR,Turkiye,2020,100.0,83384680
TUR,Turkiye,2021,100.0,84147318
TUR,Turkiye,2022,100.0,84979913
TUR,Turkiye,2023,100.0,85325965
TUR,Turkiye,2024,100.0,85518661
TUV,Tuvalu,2000,94.6,9544
TUV,Tuvalu,2001,94.8,9586
TUV,Tuvalu,2002,94.6,9623
TUV,Tuvalu,2003,95.1,9695
TUV,Tuvalu,2004,95.3,9816
TUV,Tuvalu,2005,95.5,9940
TUV,Tuvalu,2006,95.7,10056
TUV,Tuvalu,2007,96.7,10182
TUV,Tuvalu,2008,96.2,10321
TUV,Tuvalu,2009,96.5,10461
TUV,Tuvalu,2010,96.7,10614
TUV,Tuvalu,2011,97.0,10780
TUV,Tuvalu,2012,97.7,10934
TUV,Tuvalu,2013,97.6,11001
TUV,Tuvalu,2014,97.9,10984
TUV,Tuvalu,2015,98.1,10963
TUV,Tuvalu,2016,97.3,10930
TUV,Tuvalu,2017,98.7,10869
TUV,Tuvalu,2018,99.0,10751
TUV,Tuvalu,2019,99.7,10581
TUV,Tuvalu,2020,99.4,10399
TUV,Tuvalu,2021,99.7,10194
TUV,Tuvalu,2022,100.0,9992
TUV,Tuvalu,2023,100.0,9816
TUV,Tuvalu,2024,100.0,9646
TZA,Tanzania,2000,8.7,34260139
TZA,Tanzania,2001,9.7,35198299
TZA,Tanzania,2002,10.7,36121304
TZA,Tanzania,2003,11.1,37089555
TZA,Tanzania,2004,11.4,38109668
TZA,Tanzania,2005,13.8,39182076
TZA,Tanzania,2006,14.9,40294902
TZA,Tanzania,2007,15.9,41435512
TZA,Tanzania,2008,11.5,42570728
TZA,Tanzania,2009,11.2,43633982
TZA,Tanzania,2010,14.8,44758488
TZA,Tanzania,2011,14.2,46029367
TZA,Tanzania,2012,15.3,47374260
TZA,Tanzania,2013,16.4,48824128
TZA,Tanzania,2014,23.5,50351512
TZA,Tanzania,2015,26.2,52020962
TZA,Tanzania,2016,32.8,53824013
TZA,Tanzania,2017,32.1,55652890
TZA,Tanzania,2018,34.9,57437145
TZA,Tanzania,2019,37.7,59174891
TZA,Tanzania,2020,39.9,60972798
TZA,Tanzania,2021,42.7,62830412
TZA,Tanzania,2022,45.8,64711821
TZA,Tanzania,2023,48.3,66617606
TZA,Tanzania,2024,52.4,68560157
UGA,Uganda,2000,7.4,24000150
UGA,Uganda,2001,8.6,24745676
UGA,Uganda,2002,7.8,25532870
UGA,Uganda,2003,10.5,26352124
UGA,Uganda,2004,11.6,27154515
UGA,Uganda,2005,8.9,27963289
UGA,Uganda,2006,9.0,28794003
UGA,Uganda,2007,14.8,29653430
UGA,Uganda,2008,15.9,30539553
UGA,Uganda,2009,10.0,31451151
UGA,Uganda,2010,12.1,32390802
UGA,Uganda,2011,14.6,33354543
UGA,Uganda,2012,20.5,34337438
UGA,Uganda,2013,13.9,35337042
UGA,Uganda,2014,20.4,36395539
UGA,Uganda,2015,18.5,37531446
UGA,Uganda,2016,26.7,38799152
UGA,Uganda,2017,32.4,40177388
UGA,Uganda,2018,41.9,41565831
UGA,Uganda,2019,41.3,42999637
UGA,Uganda,2020,42.1,44457152
UGA,Uganda,2021,45.2,45910930
UGA,Uganda,2022,47.1,47312719
UGA,Uganda,2023,51.5,48656601
UGA,Uganda,2024,55.3,50015092
UKR,Ukraine,2000,99.1,49556660
UKR,Ukraine,2001,99.2,49106855
UKR,Ukraine,2002,99.3,48677281
UKR,Ukraine,2003,99.3,48315136
UKR,Ukraine,2004,99.4,47979507
UKR,Ukraine,2005,99.9,47585556
UKR,Ukraine,2006,99.5,47278694
UKR,Ukraine,2007,99.8,47062798
UKR,Ukraine,2008,99.8,46819175
UKR,Ukraine,2009,99.9,46623731
UKR,Ukraine,2010,100.0,46456003
UKR,Ukraine,2011,100.0,46307853
UKR,Ukraine,2012,99.9,46210056
UKR,Ukraine,2013,100.0,46126770
UKR,Ukraine,2014,100.0,45972380
UKR,Ukraine,2015,100.0,45784896
UKR,Ukraine,2016,100.0,45616832
UKR,Ukraine,2017,100.0,45436041
UKR,Ukraine,2018,100.0,45208907
UKR,Ukraine,2019,100.0,44957458
UKR,Ukraine,2020,100.0,44680014
UKR,Ukraine,2021,100.0,44298640
UKR,Ukraine,2022,100.0,41048766
UKR,Ukraine,2023,100.0,37732836
UKR,Ukraine,2024,100.0,37860221
URY,Uruguay,2000,97.6,3266206
URY,Uruguay,2001,97.7,3274251
URY,Uruguay,2002,97.8,3278867
URY,Uruguay,2003,97.9,3281186
URY,Uruguay,2004,98.0,3283148
URY,Uruguay,2005,98.0,3285771
URY,Uruguay,2006,98.5,3289506
URY,Uruguay,2007,98.7,3295153
URY,Uruguay,2008,98.8,3302177
URY,Uruguay,2009,99.1,3310091
URY,Uruguay,2010,99.3,3318580
URY,Uruguay,2011,99.2,3326825
URY,Uruguay,2012,99.6,3335401
URY,Uruguay,2013,99.6,3345337
URY,Uruguay,2014,99.7,3356334
URY,Uruguay,2015,99.7,3368017
URY,Uruguay,2016,99.7,3379283
URY,Uruguay,2017,99.8,3388438
URY,Uruguay,2018,99.8,3394534
URY,Uruguay,2019,99.9,3397206
URY,Uruguay,2020,100.0,3398968
URY,Uruguay,2021,100.0,3396695
URY,Uruguay,2022,100.0,3390913
URY,Uruguay,2023,100.0,3388081
URY,Uruguay,2024,100.0,3386588
USA,United States,2000,100.0,282162411
USA,United States,2001,100.0,284968955
USA,United States,2002,100.0,287625193
USA,United States,2003,100.0,290107933
USA,United States,2004,100.0,292805298
USA,United States,2005,100.0,295516599
USA,United States,2006,100.0,298379912
USA,United States,2007,100.0,301231207
USA,United States,2008,100.0,304093966
USA,United States,2009,100.0,306771529
USA,United States,2010,100.0,309378227
USA,United States,2011,100.0,311839461
USA,United States,2012,100.0,314339099
USA,United States,2013,100.0,316726282
USA,United States,2014,100.0,319257560
USA,United States,2015,100.0,321815121
USA,United States,2016,100.0,324353340
USA,United States,2017,100.0,326608609
USA,United States,2018,100.0,328529577
USA,United States,2019,100.0,330226227
USA,United States,2020,100.0,331578104
USA,United States,2021,100.0,332100166
USA,United States,2022,100.0,333996304
USA,United States,2023,100.0,336755052
USA,United States,2024,100.0,340003797
UZB,Uzbekistan,2000,99.6,24787054
UZB,Uzbekistan,2001,99.6,25090283
UZB,Uzbekistan,2002,99.7,25399980
UZB,Uzbekistan,2003,99.5,25711259
UZB,Uzbekistan,2004,99.5,26029350
UZB,Uzbekistan,2005,99.4,26356975
UZB,Uzbekistan,2006,99.5,26699043
UZB,Uzbekistan,2007,99.5,27076008
UZB,Uzbekistan,2008,99.5,27494774
UZB,Uzbekistan,2009,99.5,27939328
UZB,Uzbekistan,2010,99.6,28385506
UZB,Uzbekistan,2011,99.7,28823196
UZB,Uzbekistan,2012,99.7,29261903
UZB,Uzbekistan,2013,99.8,29724065
UZB,Uzbekistan,2014,99.8,30222994
UZB,Uzbekistan,2015,99.9,30749346
UZB,Uzbekistan,2016,99.9,31284568
UZB,Uzbekistan,2017,100.0,31819178
UZB,Uzbekistan,2018,100.0,32373490
UZB,Uzbekistan,2019,100.0,32964701
UZB,Uzbekistan,2020,100.0,33586372
UZB,Uzbekistan,2021,99.9,34243696
UZB,Uzbekistan,2022,100.0,34938955
UZB,Uzbekistan,2023,100.0,35652307
UZB,Uzbekistan,2024,100.0,36361859
VCT,St. Vincent and the Grenadines,2000,80.0,113545
VCT,St. Vincent and the Grenadines,2001,82.4,113501
VCT,St. Vincent and the Grenadines,2002,82.4,113347
VCT,St. Vincent and the Grenadines,2003,83.7,113141
VCT,St. Vincent and the Grenadines,2004,84.9,112835
VCT,St. Vincent and the Grenadines,2005,86.2,112450
VCT,St. Vincent and the Grenadines,2006,87.5,112014
VCT,St. Vincent and the Grenadines,2007,88.8,111531
VCT,St. Vincent and the Grenadines,2008,90.1,111028
VCT,St. Vincent and the Grenadines,2009,91.4,110508
VCT,St. Vincent and the Grenadines,2010,92.7,109959
VCT,St. Vincent and the Grenadines,2011,94.1,109349
VCT,St. Vincent and the Grenadines,2012,95.4,108736
VCT,St. Vincent and the Grenadines,2013,96.8,108135
VCT,St. Vincent and the Grenadines,2014,98.1,107535
VCT,St. Vincent and the Grenadines,2015,99.4,106960
VCT,St. Vincent and the Grenadines,2016,99.7,106349
VCT,St. Vincent and the Grenadines,2017,100.0,105663
VCT,St. Vincent and the Grenadines,2018,100.0,104926
VCT,St. Vincent and the Grenadines,2019,100.0,104167
VCT,St. Vincent and the Grenadines,2020,100.0,103526
VCT,St. Vincent and the Grenadines,2021,100.0,102841
VCT,St. Vincent and the Grenadines,2022,100.0,102046
VCT,St. Vincent and the Grenadines,2023,100.0,101323
VCT,St. Vincent and the Grenadines,2024,100.0,100616
VEN,"Venezuela, RB",2000,98.9,24526708
VEN,"Venezuela, RB",2001,99.9,24979922
VEN,"Venezuela, RB",2002,99.8,25435671
VEN,"Venezuela, RB",2003,95.7,25892703
VEN,"Venezuela, RB",2004,99.1,26340838
VEN,"Venezuela, RB",2005,98.8,26785804
VEN,"Venezuela, RB",2006,99.3,27224686
VEN,"Venezuela, RB",2007,98.9,27649363
VEN,"Venezuela, RB",2008,98.9,28053696
VEN,"Venezuela, RB",2009,99.0,28438298
VEN,"Venezuela, RB",2010,99.1,28813101
VEN,"Venezuela, RB",2011,98.8,29185212
VEN,"Venezuela, RB",2012,99.3,29553826
VEN,"Venezuela, RB",2013,99.4,29912198
VEN,"Venezuela, RB",2014,100.0,30254079
VEN,"Venezuela, RB",2015,100.0,30573972
VEN,"Venezuela, RB",2016,99.4,30765720
VEN,"Venezuela, RB",2017,99.2,30565323
VEN,"Venezuela, RB",2018,99.9,29807592
VEN,"Venezuela, RB",2019,99.8,28938098
VEN,"Venezuela, RB",2020,99.9,28444077
VEN,"Venezuela, RB",2021,100.0,28237826
VEN,"Venezuela, RB",2022,100.0,28213017
VEN,"Venezuela, RB",2023,100.0,28300854
VEN,"Venezuela, RB",2024,100.0,28405543
VGB,British Virgin Islands,2000,97.1,20241
VGB,British Virgin Islands,2001,97.2,20796
VGB,British Virgin Islands,2002,97.3,21430
VGB,British Virgin Islands,2003,97.4,22134
VGB,British Virgin Islands,2004,97.5,22881
VGB,British Virgin Islands,2005,97.6,23665
VGB,British Virgin Islands,2006,97.8,24493
VGB,British Virgin Islands,2007,97.9,25366
VGB,British Virgin Islands,2008,98.1,26288
VGB,British Virgin Islands,2009,98.3,27218
VGB,British Virgin Islands,2010,98.3,27675
VGB,British Virgin Islands,2011,98.7,28710
VGB,British Virgin Islands,2012,98.9,30345
VGB,British Virgin Islands,2013,99.1,31703
VGB,British Virgin Islands,2014,99.2,32962
VGB,British Virgin Islands,2015,100.0,34498
VGB,British Virgin Islands,2016,100.0,33878
VGB,British Virgin Islands,2017,100.0,32699
VGB,British Virgin Islands,2018,100.0,34657
VGB,British Virgin Islands,2019,100.0,36395
VGB,British Virgin Islands,2020,100.0,37135
VGB,British Virgin Islands,2021,100.0,37809
VGB,British Virgin Islands,2022,100.0,38319
VGB,British Virgin Islands,2023,100.0,38985
VGB,British Virgin Islands,2024,100.0,39471
VIR,Virgin Islands (U.S.),2000,100.0,108642
VIR,Virgin Islands (U.S.),2001,100.0,108549
VIR,Virgin Islands (U.S.),2002,100.0,108509
VIR,Virgin Islands (U.S.),2003,100.0,108505
VIR,Virgin Islands (U.S.),2004,100.0,108466
VIR,Virgin Islands (U.S.),2005,100.0,108453
VIR,Virgin Islands (U.S.),2006,100.0,108369
VIR,Virgin Islands (U.S.),2007,100.0,108337
VIR,Virgin Islands (U.S.),2008,100.0,108397
VIR,Virgin Islands (U.S.),2009,100.0,108404
VIR,Virgin Islands (U.S.),2010,100.0,108357
VIR,Virgin Islands (U.S.),2011,100.0,108290
VIR,Virgin Islands (U.S.),2012,100.0,108188
VIR,Virgin Islands (U.S.),2013,100.0,108041
VIR,Virgin Islands (U.S.),2014,100.0,107882
VIR,Virgin Islands (U.S.),2015,100.0,107712
VIR,Virgin Islands (U.S.),2016,100.0,107516
VIR,Virgin Islands (U.S.),2017,100.0,107281
VIR,Virgin Islands (U.S.),2018,100.0,107001
VIR,Virgin Islands (U.S.),2019,100.0,106669
VIR,Virgin Islands (U.S.),2020,100.0,106290
VIR,Virgin Islands (U.S.),2021,100.0,105870
VIR,Virgin Islands (U.S.),2022,100.0,105413
VIR,Virgin Islands (U.S.),2023,100.0,104917
VIR,Virgin Islands (U.S.),2024,100.0,104377
VNM,Viet Nam,2000,88.2,77154011
VNM,Viet Nam,2001,88.9,77969361
VNM,Viet Nam,2002,89.1,78772224
VNM,Viet Nam,2003,90.3,79563777
VNM,Viet Nam,2004,91.0,80338971
VNM,Viet Nam,2005,96.1,81088313
VNM,Viet Nam,2006,96.0,82167897
VNM,Viet Nam,2007,93.1,83633375
VNM,Viet Nam,2008,93.8,85175788
VNM,Viet Nam,2009,96.1,86460018
VNM,Viet Nam,2010,97.4,87455152
VNM,Viet Nam,2011,99.0,88468314
VNM,Viet Nam,2012,97.9,89510356
VNM,Viet Nam,2013,98.5,90573104
VNM,Viet Nam,2014,99.2,91679578
VNM,Viet Nam,2015,99.3,92823254
VNM,Viet Nam,2016,99.2,94000117
VNM,Viet Nam,2017,100.0,95176977
VNM,Viet Nam,2018,100.0,96237319
VNM,Viet Nam,2019,99.4,97173776
VNM,Viet Nam,2020,99.8,98079191
VNM,Viet Nam,2021,100.0,98935098
VNM,Viet Nam,2022,100.0,99680655
VNM,Viet Nam,2023,99.8,100352192
VNM,Viet Nam,2024,100.0,100987686
VUT,Vanuatu,2000,22.2,186281
VUT,Vanuatu,2001,24.0,191031
VUT,Vanuatu,2002,25.7,195863
VUT,Vanuatu,2003,27.5,200746
VUT,Vanuatu,2004,29.2,205711
VUT,Vanuatu,2005,31.0,210760
VUT,Vanuatu,2006,26.4,215923
VUT,Vanuatu,2007,33.6,221276
VUT,Vanuatu,2008,36.5,226896
VUT,Vanuatu,2009,33.3,232731
VUT,Vanuatu,2010,44.1,238248
VUT,Vanuatu,2011,42.0,243474
VUT,Vanuatu,2012,43.9,248883
VUT,Vanuatu,2013,31.7,254482
VUT,Vanuatu,2014,49.1,260240
VUT,Vanuatu,2015,52.3,266101
VUT,Vanuatu,2016,57.8,272087
VUT,Vanuatu,2017,62.8,278507
VUT,Vanuatu,2018,61.6,285259
VUT,Vanuatu,2019,64.5,291985
VUT,Vanuatu,2020,67.3,298858
VUT,Vanuatu,2021,70.0,305868
VUT,Vanuatu,2022,70.0,313046
VUT,Vanuatu,2023,61.6,320409
VUT,Vanuatu,2024,65.5,327777
WLD,World,2000,78.224965031972,6161528496
WLD,World,2001,78.718809926323,6244739668
WLD,World,2002,79.1043589102051,6327171255
WLD,World,2003,79.9684714685475,6409352386
WLD,World,2004,79.9557071016267,6492354627
WLD,World,2005,80.7045758983383,6575410029
WLD,World,2006,81.3567271905369,6659536021
WLD,World,2007,81.9745726621334,6744049498
WLD,World,2008,82.6714183692273,6830080867
WLD,World,2009,82.8688257633761,6916168196
WLD,World,2010,83.4501564252405,7000860073
WLD,World,2011,84.5088722141776,7086704141
WLD,World,2012,84.9391555731035,7176482165
WLD,World,2013,85.7136907083818,7265404737
WLD,World,2014,86.198537437738,7353532223
WLD,World,2015,86.9273667608945,7441084771
WLD,World,2016,88.1080967238499,7528221579
WLD,World,2017,88.9357124003312,7613788655
WLD,World,2018,89.8011777019155,7696159728
WLD,World,2019,90.1089635853778,7777162476
WLD,World,2020,90.3995467820191,7853863139
WLD,World,2021,91.3385144099012,7919567995
WLD,World,2022,91.2817736699915,7988550201
WLD,World,2023,91.6034762480239,8062923417
WLD,World,2024,91.9264843853681,8140897523
WSM,Samoa,2000,88.0,181685
WSM,Samoa,2001,88.7,183166
WSM,Samoa,2002,89.3,184471
WSM,Samoa,2003,89.9,185430
WSM,Samoa,2004,90.5,186249
WSM,Samoa,2005,91.1,186978
WSM,Samoa,2006,96.4,187709
WSM,Samoa,2007,92.5,188753
WSM,Samoa,2008,98.1,190107
WSM,Samoa,2009,97.9,191513
WSM,Samoa,2010,96.4,193023
WSM,Samoa,2011,96.7,194713
WSM,Samoa,2012,96.8,196498
WSM,Samoa,2013,97.0,198268
WSM,Samoa,2014,97.9,200037
WSM,Samoa,2015,98.2,201782
WSM,Samoa,2016,98.9,203499
WSM,Samoa,2017,96.8,205415
WSM,Samoa,2018,99.8,207582
WSM,Samoa,2019,99.2,209780
WSM,Samoa,2020,100.0,211944
WSM,Samoa,2021,98.3,213779
WSM,Samoa,2022,98.3,215261
WSM,Samoa,2023,100.0,216663
WSM,Samoa,2024,100.0,218019
XKX,Kosovo,2000,,1802493
XKX,Kosovo,2001,,1820009
XKX,Kosovo,2002,,1829462
XKX,Kosovo,2003,,1826434
XKX,Kosovo,2004,,1822773
XKX,Kosovo,2005,,1818354
XKX,Kosovo,2006,,1813079
XKX,Kosovo,2007,,1807094
XKX,Kosovo,2008,,1800858
XKX,Kosovo,2009,,1794681
XKX,Kosovo,2010,,1788743
XKX,Kosovo,2011,,1791949
XKX,Kosovo,2012,,1807126
XKX,Kosovo,2013,,1818119
XKX,Kosovo,2014,,1812788
XKX,Kosovo,2015,,1788274
XKX,Kosovo,2016,,1777568
XKX,Kosovo,2017,,1791019
XKX,Kosovo,2018,,1797086
XKX,Kosovo,2019,,1788891
XKX,Kosovo,2020,,1790151
XKX,Kosovo,2021,,1786079
XKX,Kosovo,2022,,1768096
XKX,Kosovo,2023,,1682668
XKX,Kosovo,2024,,1594353
YEM,"Yemen, Rep.",2000,49.2,19624141
YEM,"Yemen, Rep.",2001,50.4,20226147
YEM,"Yemen, Rep.",2002,51.5,20835086
YEM,"Yemen, Rep.",2003,52.6,21456379
YEM,"Yemen, Rep.",2004,49.6,22095167
YEM,"Yemen, Rep.",2005,54.8,22790085
YEM,"Yemen, Rep.",2006,55.8,23543083
YEM,"Yemen, Rep.",2007,57.2,24318082
YEM,"Yemen, Rep.",2008,58.4,25111941
YEM,"Yemen, Rep.",2009,59.6,25927724
YEM,"Yemen, Rep.",2010,60.8,26754387
YEM,"Yemen, Rep.",2011,62.0,27582897
YEM,"Yemen, Rep.",2012,52.4,28433647
YEM,"Yemen, Rep.",2013,75.6,29312952
YEM,"Yemen, Rep.",2014,66.1,30226309
YEM,"Yemen, Rep.",2015,67.4,31159379
YEM,"Yemen, Rep.",2016,68.9,32109010
YEM,"Yemen, Rep.",2017,79.2,33090921
YEM,"Yemen, Rep.",2018,62.0,34085182
YEM,"Yemen, Rep.",2019,72.8,35111408
YEM,"Yemen, Rep.",2020,73.9,36134863
YEM,"Yemen, Rep.",2021,74.9,37140230
YEM,"Yemen, Rep.",2022,76.0,38222876
YEM,"Yemen, Rep.",2023,83.6,39390799
YEM,"Yemen, Rep.",2024,86.3,40583164
ZAF,South Africa,2000,72.4,47159719
ZAF,South Africa,2001,70.2,47566800
ZAF,South Africa,2002,76.7,48019415
ZAF,South Africa,2003,78.8,48500348
ZAF,South Africa,2004,80.6,48991421
ZAF,South Africa,2005,80.8,49490033
ZAF,South Africa,2006,80.7,49998277
ZAF,South Africa,2007,82.0,50528584
ZAF,South Africa,2008,81.9,51114599
ZAF,South Africa,2009,82.6,51728516
ZAF,South Africa,2010,82.8,52344051
ZAF,South Africa,2011,83.6,52995205
ZAF,South Africa,2012,85.2,53782567
ZAF,South Africa,2013,85.2,54678791
ZAF,South Africa,2014,85.9,55594838
ZAF,South Africa,2015,85.3,56723537
ZAF,South Africa,2016,83.9,57259551
ZAF,South Africa,2017,84.4,57635162
ZAF,South Africa,2018,84.7,58613001
ZAF,South Africa,2019,85.0,59587885
ZAF,South Africa,2020,90.0,60562381
ZAF,South Africa,2021,89.3,61502603
ZAF,South Africa,2022,86.5,62378410
ZAF,South Africa,2023,87.7,63212384
ZAF,South Africa,2024,90.2,64007187
ZMB,Zambia,2000,16.7,10017631
ZMB,Zambia,2001,20.2,10325185
ZMB,Zambia,2002,17.4,10647949
ZMB,Zambia,2003,18.5,10983595
ZMB,Zambia,2004,20.3,11338198
ZMB,Zambia,2005,23.3,11718819
ZMB,Zambia,2006,24.1,12129553
ZMB,Zambia,2007,18.5,12565085
ZMB,Zambia,2008,25.7,13021324
ZMB,Zambia,2009,26.6,13490389
ZMB,Zambia,2010,22.0,13965594
ZMB,Zambia,2011,28.3,14437796
ZMB,Zambia,2012,29.2,14913629
ZMB,Zambia,2013,30.1,15398997
ZMB,Zambia,2014,27.9,15895315
ZMB,Zambia,2015,31.1,16399089
ZMB,Zambia,2016,35.4,16914423
ZMB,Zambia,2017,40.3,17441320
ZMB,Zambia,2018,40.2,17973569
ZMB,Zambia,2019,43.0,18513839
ZMB,Zambia,2020,44.6,19059395
ZMB,Zambia,2021,46.7,19603607
ZMB,Zambia,2022,47.8,20152938
ZMB,Zambia,2023,51.1,20723965
ZMB,Zambia,2024,53.6,21314956
ZWE,Zimbabwe,2000,33.7,11892055
ZWE,Zimbabwe,2001,34.2,11971901
ZWE,Zimbabwe,2002,34.2,12087653
ZWE,Zimbabwe,2003,35.1,12232323
ZWE,Zimbabwe,2004,35.6,12365896
ZWE,Zimbabwe,2005,36.1,12483432
ZWE,Zimbabwe,2006,37.2,12636445
ZWE,Zimbabwe,2007,37.2,12804058
ZWE,Zimbabwe,2008,37.7,12959149
ZWE,Zimbabwe,2009,43.4,13142790
ZWE,Zimbabwe,2010,38.9,13356548
ZWE,Zimbabwe,2011,36.9,13595424
ZWE,Zimbabwe,2012,44.0,13817887
ZWE,Zimbabwe,2013,40.6,14013808
ZWE,Zimbabwe,2014,32.3,14207359
ZWE,Zimbabwe,2015,33.7,14399013
ZWE,Zimbabwe,2016,42.5,14600294
ZWE,Zimbabwe,2017,44.0,14812482
ZWE,Zimbabwe,2018,45.4,15034452
ZWE,Zimbabwe,2019,46.7,15271368
ZWE,Zimbabwe,2020,52.7,15526888
ZWE,Zimbabwe,2021,49.0,15797210
ZWE,Zimbabwe,2022,50.1,16069056
ZWE,Zimbabwe,2023,62.0,16340822
ZWE,Zimbabwe,2024,62.0,16634373
